timeframe_minutes,session_start_date,c1_start_new_york,c2_start_new_york,confirmation_new_york,direction,c1_high,c1_low,midpoint,c2_high,c2_low,c2_close,target,target_hit_new_york,target_hit_same_session,session_end_new_york,historical_right_edge_new_york
15,2026-08-03,2026-08-03 20:30:00-04:00,2026-08-03 20:45:00-04:00,2026-08-03 21:00:00-04:00,bearish,28906.75,28864.0,28885.375,28909.0,28868.5,28877.25,28864.0,2026-08-03 21:00:00-04:00,True,2026-08-04 17:00:00-04:00,2026-08-04 17:00:00-04:00
15,2026-08-03,2026-08-03 23:00:00-04:00,2026-08-03 23:15:00-04:00,2026-08-03 23:30:00-04:00,bullish,28993.0,28932.0,28962.5,28986.25,28930.0,28977.0,28993.0,2026-08-03 23:32:00-04:00,True,2026-08-04 17:00:00-04:00,2026-08-04 17:00:00-04:00
15,2026-08-03,2026-08-03 23:15:00-04:00,2026-08-03 23:30:00-04:00,2026-08-03 23:45:00-04:00,bearish,28986.25,28930.0,28958.125,29005.0,28957.5,28968.0,28930.0,,False,2026-08-04 17:00:00-04:00,2026-08-04 17:00:00-04:00
15,2026-08-03,2026-08-03 23:30:00-04:00,2026-08-03 23:45:00-04:00,2026-08-04 00:00:00-04:00,bearish,29005.0,28957.5,28981.25,29008.0,28958.0,28995.5,28957.5,,False,2026-08-04 17:00:00-04:00,2026-08-04 17:00:00-04:00
15,2026-08-03,2026-08-04 02:00:00-04:00,2026-08-04 02:15:00-04:00,2026-08-04 02:30:00-04:00,bearish,29094.0,29067.0,29080.5,29099.0,29076.25,29081.75,29067.0,2026-08-04 02:35:00-04:00,True,2026-08-04 17:00:00-04:00,2026-08-04 17:00:00-04:00
15,2026-08-03,2026-08-04 03:00:00-04:00,2026-08-04 03:15:00-04:00,2026-08-04 03:30:00-04:00,bearish,29100.75,29037.25,29069.0,29109.0,29062.5,29099.0,29037.25,2026-08-04 05:06:00-04:00,True,2026-08-04 17:00:00-04:00,2026-08-04 17:00:00-04:00
15,2026-08-03,2026-08-04 03:15:00-04:00,2026-08-04 03:30:00-04:00,2026-08-04 03:45:00-04:00,bearish,29109.0,29062.5,29085.75,29118.25,29074.25,29081.5,29062.5,2026-08-04 04:36:00-04:00,True,2026-08-04 17:00:00-04:00,2026-08-04 17:00:00-04:00
15,2026-08-03,2026-08-04 03:45:00-04:00,2026-08-04 04:00:00-04:00,2026-08-04 04:15:00-04:00,bearish,29109.75,29065.75,29087.75,29124.75,29067.0,29108.5,29065.75,2026-08-04 04:34:00-04:00,True,2026-08-04 17:00:00-04:00,2026-08-04 17:00:00-04:00
15,2026-08-03,2026-08-04 04:00:00-04:00,2026-08-04 04:15:00-04:00,2026-08-04 04:30:00-04:00,bearish,29124.75,29067.0,29095.875,29132.25,29096.75,29111.5,29067.0,2026-08-04 04:34:00-04:00,True,2026-08-04 17:00:00-04:00,2026-08-04 17:00:00-04:00
15,2026-08-03,2026-08-04 04:30:00-04:00,2026-08-04 04:45:00-04:00,2026-08-04 05:00:00-04:00,bullish,29111.0,29060.0,29085.5,29077.75,29037.75,29069.25,29111.0,2026-08-04 06:14:00-04:00,True,2026-08-04 17:00:00-04:00,2026-08-04 17:00:00-04:00
15,2026-08-03,2026-08-04 05:00:00-04:00,2026-08-04 05:15:00-04:00,2026-08-04 05:30:00-04:00,bullish,29069.25,29012.0,29040.625,29045.75,29007.5,29045.25,29069.25,2026-08-04 05:40:00-04:00,True,2026-08-04 17:00:00-04:00,2026-08-04 17:00:00-04:00
15,2026-08-03,2026-08-04 05:30:00-04:00,2026-08-04 05:45:00-04:00,2026-08-04 06:00:00-04:00,bearish,29081.0,29042.25,29061.625,29086.0,29058.0,29077.75,29042.25,,False,2026-08-04 17:00:00-04:00,2026-08-04 17:00:00-04:00
15,2026-08-03,2026-08-04 06:00:00-04:00,2026-08-04 06:15:00-04:00,2026-08-04 06:30:00-04:00,bearish,29112.0,29066.0,29089.0,29115.75,29086.5,29095.5,29066.0,,False,2026-08-04 17:00:00-04:00,2026-08-04 17:00:00-04:00
15,2026-08-03,2026-08-04 06:30:00-04:00,2026-08-04 06:45:00-04:00,2026-08-04 07:00:00-04:00,bearish,29131.5,29073.5,29102.5,29145.5,29103.75,29116.5,29073.5,,False,2026-08-04 17:00:00-04:00,2026-08-04 17:00:00-04:00
15,2026-08-03,2026-08-04 06:45:00-04:00,2026-08-04 07:00:00-04:00,2026-08-04 07:15:00-04:00,bearish,29145.5,29103.75,29124.625,29149.5,29114.0,29143.75,29103.75,,False,2026-08-04 17:00:00-04:00,2026-08-04 17:00:00-04:00
15,2026-08-03,2026-08-04 08:15:00-04:00,2026-08-04 08:30:00-04:00,2026-08-04 08:45:00-04:00,bullish,29234.25,29204.5,29219.375,29230.25,29197.75,29219.25,29234.25,2026-08-04 09:11:00-04:00,True,2026-08-04 17:00:00-04:00,2026-08-04 17:00:00-04:00
15,2026-08-03,2026-08-04 08:30:00-04:00,2026-08-04 08:45:00-04:00,2026-08-04 09:00:00-04:00,bullish,29230.25,29197.75,29214.0,29222.5,29186.5,29202.75,29230.25,2026-08-04 09:09:00-04:00,True,2026-08-04 17:00:00-04:00,2026-08-04 17:00:00-04:00
15,2026-08-03,2026-08-04 09:00:00-04:00,2026-08-04 09:15:00-04:00,2026-08-04 09:30:00-04:00,bearish,29235.75,29185.0,29210.375,29284.0,29218.0,29233.75,29185.0,,False,2026-08-04 17:00:00-04:00,2026-08-04 17:00:00-04:00
15,2026-08-03,2026-08-04 10:15:00-04:00,2026-08-04 10:30:00-04:00,2026-08-04 10:45:00-04:00,bearish,29564.25,29482.25,29523.25,29579.25,29515.0,29557.0,29482.25,,False,2026-08-04 17:00:00-04:00,2026-08-04 17:00:00-04:00
15,2026-08-03,2026-08-04 11:30:00-04:00,2026-08-04 11:45:00-04:00,2026-08-04 12:00:00-04:00,bearish,29681.75,29621.75,29651.75,29697.0,29667.25,29671.25,29621.75,,False,2026-08-04 17:00:00-04:00,2026-08-04 17:00:00-04:00
15,2026-08-03,2026-08-04 13:30:00-04:00,2026-08-04 13:45:00-04:00,2026-08-04 14:00:00-04:00,bearish,29865.75,29800.25,29833.0,29898.25,29832.0,29834.5,29800.25,2026-08-04 16:15:00-04:00,True,2026-08-04 17:00:00-04:00,2026-08-04 17:00:00-04:00
15,2026-08-03,2026-08-04 13:45:00-04:00,2026-08-04 14:00:00-04:00,2026-08-04 14:15:00-04:00,bullish,29898.25,29832.0,29865.125,29860.25,29809.5,29859.25,29898.25,2026-08-04 15:00:00-04:00,True,2026-08-04 17:00:00-04:00,2026-08-04 17:00:00-04:00
15,2026-08-03,2026-08-04 14:30:00-04:00,2026-08-04 14:45:00-04:00,2026-08-04 15:00:00-04:00,bearish,29893.0,29840.0,29866.5,29895.75,29854.25,29881.0,29840.0,2026-08-04 16:15:00-04:00,True,2026-08-04 17:00:00-04:00,2026-08-04 17:00:00-04:00
15,2026-08-03,2026-08-04 15:00:00-04:00,2026-08-04 15:15:00-04:00,2026-08-04 15:30:00-04:00,bearish,29936.5,29878.25,29907.375,29945.75,29888.5,29900.5,29878.25,2026-08-04 15:54:00-04:00,True,2026-08-04 17:00:00-04:00,2026-08-04 17:00:00-04:00
15,2026-08-04,2026-08-04 18:00:00-04:00,2026-08-04 18:15:00-04:00,2026-08-04 18:30:00-04:00,bearish,29837.25,29775.5,29806.375,29844.25,29810.25,29833.25,29775.5,2026-08-05 11:18:00-04:00,True,2026-08-05 17:00:00-04:00,2026-08-05 17:00:00-04:00
15,2026-08-04,2026-08-04 18:30:00-04:00,2026-08-04 18:45:00-04:00,2026-08-04 19:00:00-04:00,bullish,29841.75,29794.25,29818.0,29828.5,29793.0,29826.0,29841.75,2026-08-04 19:04:00-04:00,True,2026-08-05 17:00:00-04:00,2026-08-05 17:00:00-04:00
15,2026-08-04,2026-08-04 19:15:00-04:00,2026-08-04 19:30:00-04:00,2026-08-04 19:45:00-04:00,bullish,29846.0,29816.25,29831.125,29845.0,29802.75,29842.75,29846.0,2026-08-04 19:45:00-04:00,True,2026-08-05 17:00:00-04:00,2026-08-05 17:00:00-04:00
15,2026-08-04,2026-08-04 19:30:00-04:00,2026-08-04 19:45:00-04:00,2026-08-04 20:00:00-04:00,bearish,29845.0,29802.75,29823.875,29857.25,29825.25,29835.5,29802.75,2026-08-04 21:26:00-04:00,True,2026-08-05 17:00:00-04:00,2026-08-05 17:00:00-04:00
15,2026-08-04,2026-08-04 20:00:00-04:00,2026-08-04 20:15:00-04:00,2026-08-04 20:30:00-04:00,bearish,29863.5,29818.75,29841.125,29864.0,29834.25,29862.5,29818.75,2026-08-04 20:48:00-04:00,True,2026-08-05 17:00:00-04:00,2026-08-05 17:00:00-04:00
15,2026-08-04,2026-08-04 20:15:00-04:00,2026-08-04 20:30:00-04:00,2026-08-04 20:45:00-04:00,bearish,29864.0,29834.25,29849.125,29877.5,29837.75,29838.75,29834.25,2026-08-04 20:45:00-04:00,True,2026-08-05 17:00:00-04:00,2026-08-05 17:00:00-04:00
15,2026-08-04,2026-08-04 20:30:00-04:00,2026-08-04 20:45:00-04:00,2026-08-04 21:00:00-04:00,bullish,29877.5,29837.75,29857.625,29862.25,29812.5,29848.5,29877.5,2026-08-04 21:57:00-04:00,True,2026-08-05 17:00:00-04:00,2026-08-05 17:00:00-04:00
15,2026-08-04,2026-08-04 21:00:00-04:00,2026-08-04 21:15:00-04:00,2026-08-04 21:30:00-04:00,bullish,29861.0,29816.5,29838.75,29842.75,29796.75,29819.75,29861.0,2026-08-04 21:46:00-04:00,True,2026-08-05 17:00:00-04:00,2026-08-05 17:00:00-04:00
15,2026-08-04,2026-08-04 21:15:00-04:00,2026-08-04 21:30:00-04:00,2026-08-04 21:45:00-04:00,bearish,29842.75,29796.75,29819.75,29845.0,29810.75,29833.75,29796.75,2026-08-05 04:45:00-04:00,True,2026-08-05 17:00:00-04:00,2026-08-05 17:00:00-04:00
15,2026-08-04,2026-08-04 21:45:00-04:00,2026-08-04 22:00:00-04:00,2026-08-04 22:15:00-04:00,bearish,29887.0,29833.5,29860.25,29889.0,29862.5,29871.25,29833.5,2026-08-05 04:22:00-04:00,True,2026-08-05 17:00:00-04:00,2026-08-05 17:00:00-04:00
15,2026-08-04,2026-08-04 22:15:00-04:00,2026-08-04 22:30:00-04:00,2026-08-04 22:45:00-04:00,bullish,29876.25,29850.0,29863.125,29862.5,29842.25,29859.0,29876.25,2026-08-04 23:03:00-04:00,True,2026-08-05 17:00:00-04:00,2026-08-05 17:00:00-04:00
15,2026-08-04,2026-08-04 22:30:00-04:00,2026-08-04 22:45:00-04:00,2026-08-04 23:00:00-04:00,bearish,29862.5,29842.25,29852.375,29875.0,29855.0,29860.25,29842.25,2026-08-05 04:21:00-04:00,True,2026-08-05 17:00:00-04:00,2026-08-05 17:00:00-04:00
15,2026-08-04,2026-08-04 23:00:00-04:00,2026-08-04 23:15:00-04:00,2026-08-04 23:30:00-04:00,bearish,29890.75,29853.5,29872.125,29892.75,29863.5,29864.0,29853.5,2026-08-05 04:18:00-04:00,True,2026-08-05 17:00:00-04:00,2026-08-05 17:00:00-04:00
15,2026-08-04,2026-08-04 23:15:00-04:00,2026-08-04 23:30:00-04:00,2026-08-04 23:45:00-04:00,bullish,29892.75,29863.5,29878.125,29891.25,29858.5,29885.5,29892.75,2026-08-04 23:56:00-04:00,True,2026-08-05 17:00:00-04:00,2026-08-05 17:00:00-04:00
15,2026-08-04,2026-08-04 23:30:00-04:00,2026-08-04 23:45:00-04:00,2026-08-05 00:00:00-04:00,bearish,29891.25,29858.5,29874.875,29894.25,29867.75,29889.75,29858.5,2026-08-05 04:14:00-04:00,True,2026-08-05 17:00:00-04:00,2026-08-05 17:00:00-04:00
15,2026-08-04,2026-08-04 23:45:00-04:00,2026-08-05 00:00:00-04:00,2026-08-05 00:15:00-04:00,bearish,29894.25,29867.75,29881.0,29898.25,29882.0,29884.0,29867.75,2026-08-05 00:21:00-04:00,True,2026-08-05 17:00:00-04:00,2026-08-05 17:00:00-04:00
15,2026-08-04,2026-08-05 00:30:00-04:00,2026-08-05 00:45:00-04:00,2026-08-05 01:00:00-04:00,bearish,29909.5,29869.0,29889.25,29916.75,29883.0,29903.25,29869.0,2026-08-05 04:12:00-04:00,True,2026-08-05 17:00:00-04:00,2026-08-05 17:00:00-04:00
15,2026-08-04,2026-08-05 01:00:00-04:00,2026-08-05 01:15:00-04:00,2026-08-05 01:30:00-04:00,bearish,29940.5,29894.5,29917.5,29949.0,29934.0,29936.75,29894.5,2026-08-05 03:35:00-04:00,True,2026-08-05 17:00:00-04:00,2026-08-05 17:00:00-04:00
15,2026-08-04,2026-08-05 01:15:00-04:00,2026-08-05 01:30:00-04:00,2026-08-05 01:45:00-04:00,bullish,29949.0,29934.0,29941.5,29945.0,29920.25,29941.75,29949.0,2026-08-05 01:47:00-04:00,True,2026-08-05 17:00:00-04:00,2026-08-05 17:00:00-04:00
15,2026-08-04,2026-08-05 01:45:00-04:00,2026-08-05 02:00:00-04:00,2026-08-05 02:15:00-04:00,bearish,29986.75,29940.75,29963.75,29990.75,29961.0,29980.75,29940.75,2026-08-05 02:21:00-04:00,True,2026-08-05 17:00:00-04:00,2026-08-05 17:00:00-04:00
15,2026-08-04,2026-08-05 02:45:00-04:00,2026-08-05 03:00:00-04:00,2026-08-05 03:15:00-04:00,bearish,29972.0,29936.0,29954.0,29987.25,29936.5,29951.0,29936.0,2026-08-05 03:16:00-04:00,True,2026-08-05 17:00:00-04:00,2026-08-05 17:00:00-04:00
15,2026-08-04,2026-08-05 04:30:00-04:00,2026-08-05 04:45:00-04:00,2026-08-05 05:00:00-04:00,bullish,29844.0,29798.25,29821.125,29843.75,29796.75,29837.5,29844.0,2026-08-05 05:01:00-04:00,True,2026-08-05 17:00:00-04:00,2026-08-05 17:00:00-04:00
15,2026-08-04,2026-08-05 04:45:00-04:00,2026-08-05 05:00:00-04:00,2026-08-05 05:15:00-04:00,bearish,29843.75,29796.75,29820.25,29854.5,29820.25,29833.25,29796.75,2026-08-05 10:53:00-04:00,True,2026-08-05 17:00:00-04:00,2026-08-05 17:00:00-04:00
15,2026-08-04,2026-08-05 06:15:00-04:00,2026-08-05 06:30:00-04:00,2026-08-05 06:45:00-04:00,bearish,29866.5,29836.0,29851.25,29872.0,29849.25,29857.5,29836.0,2026-08-05 06:46:00-04:00,True,2026-08-05 17:00:00-04:00,2026-08-05 17:00:00-04:00
15,2026-08-04,2026-08-05 06:30:00-04:00,2026-08-05 06:45:00-04:00,2026-08-05 07:00:00-04:00,bullish,29872.0,29849.25,29860.625,29870.5,29833.75,29864.25,29872.0,2026-08-05 07:00:00-04:00,True,2026-08-05 17:00:00-04:00,2026-08-05 17:00:00-04:00
15,2026-08-04,2026-08-05 07:00:00-04:00,2026-08-05 07:15:00-04:00,2026-08-05 07:30:00-04:00,bearish,29921.25,29863.75,29892.5,29923.25,29896.75,29900.25,29863.75,2026-08-05 10:31:00-04:00,True,2026-08-05 17:00:00-04:00,2026-08-05 17:00:00-04:00
15,2026-08-04,2026-08-05 07:30:00-04:00,2026-08-05 07:45:00-04:00,2026-08-05 08:00:00-04:00,bearish,29931.75,29890.5,29911.125,29943.75,29903.0,29919.5,29890.5,2026-08-05 08:32:00-04:00,True,2026-08-05 17:00:00-04:00,2026-08-05 17:00:00-04:00
15,2026-08-04,2026-08-05 07:45:00-04:00,2026-08-05 08:00:00-04:00,2026-08-05 08:15:00-04:00,bullish,29943.75,29903.0,29923.375,29926.0,29892.25,29918.75,29943.75,2026-08-05 08:35:00-04:00,True,2026-08-05 17:00:00-04:00,2026-08-05 17:00:00-04:00
15,2026-08-04,2026-08-05 08:45:00-04:00,2026-08-05 09:00:00-04:00,2026-08-05 09:15:00-04:00,bearish,29946.5,29908.0,29927.25,29950.0,29915.0,29929.5,29908.0,2026-08-05 09:21:00-04:00,True,2026-08-05 17:00:00-04:00,2026-08-05 17:00:00-04:00
15,2026-08-04,2026-08-05 09:30:00-04:00,2026-08-05 09:45:00-04:00,2026-08-05 10:00:00-04:00,bearish,30059.0,29909.5,29984.25,30073.25,29966.75,30049.5,29909.5,2026-08-05 10:23:00-04:00,True,2026-08-05 17:00:00-04:00,2026-08-05 17:00:00-04:00
15,2026-08-04,2026-08-05 09:45:00-04:00,2026-08-05 10:00:00-04:00,2026-08-05 10:15:00-04:00,bullish,30073.25,29966.75,30020.0,30048.25,29918.0,29998.5,30073.25,,False,2026-08-05 17:00:00-04:00,2026-08-05 17:00:00-04:00
15,2026-08-04,2026-08-05 10:30:00-04:00,2026-08-05 10:45:00-04:00,2026-08-05 11:00:00-04:00,bullish,29918.75,29824.75,29871.75,29907.5,29787.75,29848.0,29918.75,,False,2026-08-05 17:00:00-04:00,2026-08-05 17:00:00-04:00
15,2026-08-04,2026-08-05 11:15:00-04:00,2026-08-05 11:30:00-04:00,2026-08-05 11:45:00-04:00,bearish,29850.75,29762.25,29806.5,29861.75,29805.25,29819.75,29762.25,2026-08-05 11:56:00-04:00,True,2026-08-05 17:00:00-04:00,2026-08-05 17:00:00-04:00
15,2026-08-04,2026-08-05 11:45:00-04:00,2026-08-05 12:00:00-04:00,2026-08-05 12:15:00-04:00,bullish,29820.0,29712.75,29766.375,29765.75,29701.75,29731.75,29820.0,2026-08-05 12:27:00-04:00,True,2026-08-05 17:00:00-04:00,2026-08-05 17:00:00-04:00
15,2026-08-04,2026-08-05 12:15:00-04:00,2026-08-05 12:30:00-04:00,2026-08-05 12:45:00-04:00,bearish,29833.5,29719.5,29776.5,29840.0,29769.75,29788.25,29719.5,2026-08-05 15:00:00-04:00,True,2026-08-05 17:00:00-04:00,2026-08-05 17:00:00-04:00
15,2026-08-04,2026-08-05 13:00:00-04:00,2026-08-05 13:15:00-04:00,2026-08-05 13:30:00-04:00,bullish,29819.75,29743.75,29781.75,29781.75,29740.0,29754.5,29819.75,,False,2026-08-05 17:00:00-04:00,2026-08-05 17:00:00-04:00
15,2026-08-04,2026-08-05 13:15:00-04:00,2026-08-05 13:30:00-04:00,2026-08-05 13:45:00-04:00,bullish,29781.75,29740.0,29760.875,29778.75,29735.0,29757.25,29781.75,2026-08-05 14:04:00-04:00,True,2026-08-05 17:00:00-04:00,2026-08-05 17:00:00-04:00
15,2026-08-04,2026-08-05 13:30:00-04:00,2026-08-05 13:45:00-04:00,2026-08-05 14:00:00-04:00,bullish,29778.75,29735.0,29756.875,29774.5,29734.25,29757.0,29778.75,2026-08-05 14:04:00-04:00,True,2026-08-05 17:00:00-04:00,2026-08-05 17:00:00-04:00
15,2026-08-04,2026-08-05 13:45:00-04:00,2026-08-05 14:00:00-04:00,2026-08-05 14:15:00-04:00,bearish,29774.5,29734.25,29754.375,29786.25,29752.5,29762.0,29734.25,2026-08-05 14:31:00-04:00,True,2026-08-05 17:00:00-04:00,2026-08-05 17:00:00-04:00
15,2026-08-04,2026-08-05 15:00:00-04:00,2026-08-05 15:15:00-04:00,2026-08-05 15:30:00-04:00,bearish,29778.5,29718.0,29748.25,29780.0,29753.5,29756.5,29718.0,2026-08-05 15:35:00-04:00,True,2026-08-05 17:00:00-04:00,2026-08-05 17:00:00-04:00
15,2026-08-04,2026-08-05 15:45:00-04:00,2026-08-05 16:00:00-04:00,2026-08-05 16:15:00-04:00,bullish,29733.0,29593.0,29663.0,29618.5,29530.75,29604.5,29733.0,,False,2026-08-05 17:00:00-04:00,2026-08-05 17:00:00-04:00
15,2026-08-05,2026-08-05 18:45:00-04:00,2026-08-05 19:00:00-04:00,2026-08-05 19:15:00-04:00,bullish,29678.75,29617.0,29647.875,29636.25,29611.75,29630.75,29678.75,2026-08-06 11:10:00-04:00,True,2026-08-06 17:00:00-04:00,2026-08-06 17:00:00-04:00
15,2026-08-05,2026-08-05 19:00:00-04:00,2026-08-05 19:15:00-04:00,2026-08-05 19:30:00-04:00,bearish,29636.25,29611.75,29624.0,29650.5,29616.5,29628.25,29611.75,2026-08-05 19:32:00-04:00,True,2026-08-06 17:00:00-04:00,2026-08-06 17:00:00-04:00
15,2026-08-05,2026-08-05 19:30:00-04:00,2026-08-05 19:45:00-04:00,2026-08-05 20:00:00-04:00,bullish,29636.75,29575.75,29606.25,29589.75,29566.5,29583.75,29636.75,2026-08-06 10:17:00-04:00,True,2026-08-06 17:00:00-04:00,2026-08-06 17:00:00-04:00
15,2026-08-05,2026-08-05 20:00:00-04:00,2026-08-05 20:15:00-04:00,2026-08-05 20:30:00-04:00,bearish,29601.25,29546.25,29573.75,29608.75,29553.5,29561.0,29546.25,2026-08-05 20:52:00-04:00,True,2026-08-06 17:00:00-04:00,2026-08-06 17:00:00-04:00
15,2026-08-05,2026-08-05 20:15:00-04:00,2026-08-05 20:30:00-04:00,2026-08-05 20:45:00-04:00,bullish,29608.75,29553.5,29581.125,29587.25,29548.0,29560.0,29608.75,2026-08-05 22:44:00-04:00,True,2026-08-06 17:00:00-04:00,2026-08-06 17:00:00-04:00
15,2026-08-05,2026-08-05 21:30:00-04:00,2026-08-05 21:45:00-04:00,2026-08-05 22:00:00-04:00,bearish,29509.75,29469.0,29489.375,29519.0,29472.75,29498.0,29469.0,2026-08-06 04:04:00-04:00,True,2026-08-06 17:00:00-04:00,2026-08-06 17:00:00-04:00
15,2026-08-05,2026-08-05 22:00:00-04:00,2026-08-05 22:15:00-04:00,2026-08-05 22:30:00-04:00,bearish,29556.75,29487.75,29522.25,29578.5,29535.5,29548.25,29487.75,2026-08-06 02:18:00-04:00,True,2026-08-06 17:00:00-04:00,2026-08-06 17:00:00-04:00
15,2026-08-05,2026-08-05 22:30:00-04:00,2026-08-05 22:45:00-04:00,2026-08-05 23:00:00-04:00,bearish,29618.75,29529.25,29574.0,29621.0,29585.25,29594.0,29529.25,2026-08-05 23:33:00-04:00,True,2026-08-06 17:00:00-04:00,2026-08-06 17:00:00-04:00
15,2026-08-05,2026-08-05 23:15:00-04:00,2026-08-05 23:30:00-04:00,2026-08-05 23:45:00-04:00,bullish,29585.75,29535.0,29560.375,29563.75,29522.75,29553.0,29585.75,2026-08-06 00:23:00-04:00,True,2026-08-06 17:00:00-04:00,2026-08-06 17:00:00-04:00
15,2026-08-05,2026-08-05 23:45:00-04:00,2026-08-06 00:00:00-04:00,2026-08-06 00:15:00-04:00,bullish,29584.75,29539.75,29562.25,29584.0,29535.25,29556.5,29584.75,2026-08-06 00:23:00-04:00,True,2026-08-06 17:00:00-04:00,2026-08-06 17:00:00-04:00
15,2026-08-05,2026-08-06 00:30:00-04:00,2026-08-06 00:45:00-04:00,2026-08-06 01:00:00-04:00,bullish,29600.5,29544.75,29572.625,29577.25,29543.5,29575.0,29600.5,2026-08-06 10:11:00-04:00,True,2026-08-06 17:00:00-04:00,2026-08-06 17:00:00-04:00
15,2026-08-05,2026-08-06 01:15:00-04:00,2026-08-06 01:30:00-04:00,2026-08-06 01:45:00-04:00,bullish,29594.0,29565.0,29579.5,29583.75,29548.75,29583.25,29594.0,2026-08-06 10:10:00-04:00,True,2026-08-06 17:00:00-04:00,2026-08-06 17:00:00-04:00
15,2026-08-05,2026-08-06 02:00:00-04:00,2026-08-06 02:15:00-04:00,2026-08-06 02:30:00-04:00,bullish,29581.5,29499.0,29540.25,29549.0,29484.0,29547.0,29581.5,2026-08-06 10:09:00-04:00,True,2026-08-06 17:00:00-04:00,2026-08-06 17:00:00-04:00
15,2026-08-05,2026-08-06 02:30:00-04:00,2026-08-06 02:45:00-04:00,2026-08-06 03:00:00-04:00,bullish,29548.75,29494.0,29521.375,29528.5,29486.25,29521.5,29548.75,2026-08-06 03:06:00-04:00,True,2026-08-06 17:00:00-04:00,2026-08-06 17:00:00-04:00
15,2026-08-05,2026-08-06 03:30:00-04:00,2026-08-06 03:45:00-04:00,2026-08-06 04:00:00-04:00,bullish,29542.25,29501.75,29522.0,29538.0,29500.0,29506.25,29542.25,2026-08-06 09:51:00-04:00,True,2026-08-06 17:00:00-04:00,2026-08-06 17:00:00-04:00
15,2026-08-05,2026-08-06 04:15:00-04:00,2026-08-06 04:30:00-04:00,2026-08-06 04:45:00-04:00,bearish,29514.0,29446.75,29480.375,29532.75,29500.5,29503.75,29446.75,2026-08-06 05:10:00-04:00,True,2026-08-06 17:00:00-04:00,2026-08-06 17:00:00-04:00
15,2026-08-05,2026-08-06 04:30:00-04:00,2026-08-06 04:45:00-04:00,2026-08-06 05:00:00-04:00,bullish,29532.75,29500.5,29516.625,29524.5,29489.75,29517.25,29532.75,2026-08-06 06:02:00-04:00,True,2026-08-06 17:00:00-04:00,2026-08-06 17:00:00-04:00
15,2026-08-05,2026-08-06 05:15:00-04:00,2026-08-06 05:30:00-04:00,2026-08-06 05:45:00-04:00,bearish,29494.0,29446.5,29470.25,29499.0,29475.25,29489.0,29446.5,2026-08-06 07:00:00-04:00,True,2026-08-06 17:00:00-04:00,2026-08-06 17:00:00-04:00
15,2026-08-05,2026-08-06 05:45:00-04:00,2026-08-06 06:00:00-04:00,2026-08-06 06:15:00-04:00,bearish,29531.0,29489.0,29510.0,29537.5,29495.0,29503.75,29489.0,2026-08-06 06:39:00-04:00,True,2026-08-06 17:00:00-04:00,2026-08-06 17:00:00-04:00
15,2026-08-05,2026-08-06 06:00:00-04:00,2026-08-06 06:15:00-04:00,2026-08-06 06:30:00-04:00,bullish,29537.5,29495.0,29516.25,29526.5,29492.75,29517.5,29537.5,2026-08-06 09:50:00-04:00,True,2026-08-06 17:00:00-04:00,2026-08-06 17:00:00-04:00
15,2026-08-05,2026-08-06 06:30:00-04:00,2026-08-06 06:45:00-04:00,2026-08-06 07:00:00-04:00,bullish,29519.5,29474.75,29497.125,29493.25,29466.25,29485.5,29519.5,2026-08-06 09:48:00-04:00,True,2026-08-06 17:00:00-04:00,2026-08-06 17:00:00-04:00
15,2026-08-05,2026-08-06 08:00:00-04:00,2026-08-06 08:15:00-04:00,2026-08-06 08:30:00-04:00,bullish,29476.25,29409.0,29442.625,29451.75,29388.25,29432.0,29476.25,2026-08-06 09:45:00-04:00,True,2026-08-06 17:00:00-04:00,2026-08-06 17:00:00-04:00
15,2026-08-05,2026-08-06 08:15:00-04:00,2026-08-06 08:30:00-04:00,2026-08-06 08:45:00-04:00,bearish,29451.75,29388.25,29420.0,29462.75,29413.0,29432.0,29388.25,2026-08-06 09:00:00-04:00,True,2026-08-06 17:00:00-04:00,2026-08-06 17:00:00-04:00
15,2026-08-05,2026-08-06 10:00:00-04:00,2026-08-06 10:15:00-04:00,2026-08-06 10:30:00-04:00,bearish,29619.25,29487.75,29553.5,29666.5,29563.5,29587.0,29487.75,2026-08-06 12:01:00-04:00,True,2026-08-06 17:00:00-04:00,2026-08-06 17:00:00-04:00
15,2026-08-05,2026-08-06 10:15:00-04:00,2026-08-06 10:30:00-04:00,2026-08-06 10:45:00-04:00,bullish,29666.5,29563.5,29615.0,29651.25,29545.5,29583.5,29666.5,2026-08-06 11:00:00-04:00,True,2026-08-06 17:00:00-04:00,2026-08-06 17:00:00-04:00
15,2026-08-05,2026-08-06 10:45:00-04:00,2026-08-06 11:00:00-04:00,2026-08-06 11:15:00-04:00,bearish,29658.75,29532.75,29595.75,29686.25,29598.75,29645.5,29532.75,2026-08-06 11:45:00-04:00,True,2026-08-06 17:00:00-04:00,2026-08-06 17:00:00-04:00
15,2026-08-05,2026-08-06 11:00:00-04:00,2026-08-06 11:15:00-04:00,2026-08-06 11:30:00-04:00,bullish,29686.25,29598.75,29642.5,29663.25,29564.0,29607.75,29686.25,,False,2026-08-06 17:00:00-04:00,2026-08-06 17:00:00-04:00
15,2026-08-05,2026-08-06 12:15:00-04:00,2026-08-06 12:30:00-04:00,2026-08-06 12:45:00-04:00,bearish,29505.0,29448.75,29476.875,29527.75,29461.0,29478.75,29448.75,,False,2026-08-06 17:00:00-04:00,2026-08-06 17:00:00-04:00
15,2026-08-05,2026-08-06 12:45:00-04:00,2026-08-06 13:00:00-04:00,2026-08-06 13:15:00-04:00,bearish,29558.25,29468.0,29513.125,29574.25,29515.5,29523.75,29468.0,,False,2026-08-06 17:00:00-04:00,2026-08-06 17:00:00-04:00
15,2026-08-05,2026-08-06 13:00:00-04:00,2026-08-06 13:15:00-04:00,2026-08-06 13:30:00-04:00,bullish,29574.25,29515.5,29544.875,29552.75,29512.25,29528.0,29574.25,2026-08-06 14:22:00-04:00,True,2026-08-06 17:00:00-04:00,2026-08-06 17:00:00-04:00
15,2026-08-05,2026-08-06 14:45:00-04:00,2026-08-06 15:00:00-04:00,2026-08-06 15:15:00-04:00,bearish,29537.0,29506.0,29521.5,29570.75,29510.0,29535.75,29506.0,2026-08-06 15:25:00-04:00,True,2026-08-06 17:00:00-04:00,2026-08-06 17:00:00-04:00
15,2026-08-05,2026-08-06 15:15:00-04:00,2026-08-06 15:30:00-04:00,2026-08-06 15:45:00-04:00,bullish,29551.25,29496.0,29523.625,29546.0,29488.75,29503.75,29551.25,2026-08-06 16:06:00-04:00,True,2026-08-06 17:00:00-04:00,2026-08-06 17:00:00-04:00
15,2026-08-05,2026-08-06 15:30:00-04:00,2026-08-06 15:45:00-04:00,2026-08-06 16:00:00-04:00,bullish,29546.0,29488.75,29517.375,29536.25,29475.0,29497.25,29546.0,2026-08-06 16:04:00-04:00,True,2026-08-06 17:00:00-04:00,2026-08-06 17:00:00-04:00
15,2026-08-05,2026-08-06 15:45:00-04:00,2026-08-06 16:00:00-04:00,2026-08-06 16:15:00-04:00,bearish,29536.25,29475.0,29505.625,29551.5,29496.25,29536.0,29475.0,,False,2026-08-06 17:00:00-04:00,2026-08-06 17:00:00-04:00
15,2026-08-05,2026-08-06 16:15:00-04:00,2026-08-06 16:30:00-04:00,2026-08-06 16:45:00-04:00,bullish,29549.0,29482.75,29515.875,29504.75,29480.0,29494.0,29549.0,,False,2026-08-06 17:00:00-04:00,2026-08-06 17:00:00-04:00
15,2026-08-06,2026-08-06 18:00:00-04:00,2026-08-06 18:15:00-04:00,2026-08-06 18:30:00-04:00,bearish,29580.0,29494.0,29537.0,29581.0,29542.5,29549.5,29494.0,2026-08-06 21:20:00-04:00,True,2026-08-07 17:00:00-04:00,2026-08-07 17:00:00-04:00
15,2026-08-06,2026-08-06 18:15:00-04:00,2026-08-06 18:30:00-04:00,2026-08-06 18:45:00-04:00,bullish,29581.0,29542.5,29561.75,29562.75,29529.25,29554.0,29581.0,2026-08-06 19:19:00-04:00,True,2026-08-07 17:00:00-04:00,2026-08-07 17:00:00-04:00
15,2026-08-06,2026-08-06 18:45:00-04:00,2026-08-06 19:00:00-04:00,2026-08-06 19:15:00-04:00,bearish,29568.0,29546.75,29557.375,29571.0,29553.75,29557.75,29546.75,2026-08-06 20:15:00-04:00,True,2026-08-07 17:00:00-04:00,2026-08-07 17:00:00-04:00
15,2026-08-06,2026-08-06 20:45:00-04:00,2026-08-06 21:00:00-04:00,2026-08-06 21:15:00-04:00,bearish,29573.75,29503.25,29538.5,29582.5,29515.0,29525.0,29503.25,2026-08-06 21:19:00-04:00,True,2026-08-07 17:00:00-04:00,2026-08-07 17:00:00-04:00
15,2026-08-06,2026-08-06 21:00:00-04:00,2026-08-06 21:15:00-04:00,2026-08-06 21:30:00-04:00,bullish,29582.5,29515.0,29548.75,29536.0,29482.75,29529.25,29582.5,2026-08-07 02:29:00-04:00,True,2026-08-07 17:00:00-04:00,2026-08-07 17:00:00-04:00
15,2026-08-06,2026-08-06 21:15:00-04:00,2026-08-06 21:30:00-04:00,2026-08-06 21:45:00-04:00,bearish,29536.0,29482.75,29509.375,29581.5,29493.75,29522.75,29482.75,2026-08-06 22:39:00-04:00,True,2026-08-07 17:00:00-04:00,2026-08-07 17:00:00-04:00
15,2026-08-06,2026-08-06 22:30:00-04:00,2026-08-06 22:45:00-04:00,2026-08-06 23:00:00-04:00,bearish,29527.5,29476.0,29501.75,29535.75,29493.0,29525.75,29476.0,2026-08-07 00:13:00-04:00,True,2026-08-07 17:00:00-04:00,2026-08-07 17:00:00-04:00
15,2026-08-06,2026-08-06 22:45:00-04:00,2026-08-06 23:00:00-04:00,2026-08-06 23:15:00-04:00,bearish,29535.75,29493.0,29514.375,29549.25,29525.25,29530.25,29493.0,2026-08-06 23:20:00-04:00,True,2026-08-07 17:00:00-04:00,2026-08-07 17:00:00-04:00
15,2026-08-06,2026-08-07 00:15:00-04:00,2026-08-07 00:30:00-04:00,2026-08-07 00:45:00-04:00,bearish,29517.25,29455.0,29486.125,29525.75,29492.25,29494.75,29455.0,,False,2026-08-07 17:00:00-04:00,2026-08-07 17:00:00-04:00
15,2026-08-06,2026-08-07 00:30:00-04:00,2026-08-07 00:45:00-04:00,2026-08-07 01:00:00-04:00,bullish,29525.75,29492.25,29509.0,29513.25,29488.75,29509.5,29525.75,2026-08-07 01:02:00-04:00,True,2026-08-07 17:00:00-04:00,2026-08-07 17:00:00-04:00
15,2026-08-06,2026-08-07 02:15:00-04:00,2026-08-07 02:30:00-04:00,2026-08-07 02:45:00-04:00,bullish,29584.75,29543.75,29564.25,29582.5,29539.25,29545.75,29584.75,2026-08-07 03:10:00-04:00,True,2026-08-07 17:00:00-04:00,2026-08-07 17:00:00-04:00
15,2026-08-06,2026-08-07 02:30:00-04:00,2026-08-07 02:45:00-04:00,2026-08-07 03:00:00-04:00,bullish,29582.5,29539.25,29560.875,29555.0,29536.75,29552.75,29582.5,2026-08-07 03:10:00-04:00,True,2026-08-07 17:00:00-04:00,2026-08-07 17:00:00-04:00
15,2026-08-06,2026-08-07 03:00:00-04:00,2026-08-07 03:15:00-04:00,2026-08-07 03:30:00-04:00,bearish,29592.75,29531.75,29562.25,29593.0,29574.5,29588.0,29531.75,,False,2026-08-07 17:00:00-04:00,2026-08-07 17:00:00-04:00
15,2026-08-06,2026-08-07 03:15:00-04:00,2026-08-07 03:30:00-04:00,2026-08-07 03:45:00-04:00,bullish,29593.0,29574.5,29583.75,29591.5,29570.0,29582.75,29593.0,2026-08-07 04:00:00-04:00,True,2026-08-07 17:00:00-04:00,2026-08-07 17:00:00-04:00
15,2026-08-06,2026-08-07 03:30:00-04:00,2026-08-07 03:45:00-04:00,2026-08-07 04:00:00-04:00,bullish,29591.5,29570.0,29580.75,29588.75,29562.25,29583.25,29591.5,2026-08-07 04:00:00-04:00,True,2026-08-07 17:00:00-04:00,2026-08-07 17:00:00-04:00
15,2026-08-06,2026-08-07 04:00:00-04:00,2026-08-07 04:15:00-04:00,2026-08-07 04:30:00-04:00,bearish,29627.75,29583.25,29605.5,29630.0,29599.0,29624.0,29583.25,2026-08-07 10:12:00-04:00,True,2026-08-07 17:00:00-04:00,2026-08-07 17:00:00-04:00
15,2026-08-06,2026-08-07 04:15:00-04:00,2026-08-07 04:30:00-04:00,2026-08-07 04:45:00-04:00,bearish,29630.0,29599.0,29614.5,29647.5,29609.0,29625.75,29599.0,2026-08-07 06:21:00-04:00,True,2026-08-07 17:00:00-04:00,2026-08-07 17:00:00-04:00
15,2026-08-06,2026-08-07 05:15:00-04:00,2026-08-07 05:30:00-04:00,2026-08-07 05:45:00-04:00,bullish,29650.5,29623.75,29637.125,29647.25,29621.0,29628.75,29650.5,2026-08-07 07:25:00-04:00,True,2026-08-07 17:00:00-04:00,2026-08-07 17:00:00-04:00
15,2026-08-06,2026-08-07 06:00:00-04:00,2026-08-07 06:15:00-04:00,2026-08-07 06:30:00-04:00,bullish,29629.75,29608.75,29619.25,29621.5,29592.25,29621.25,29629.75,2026-08-07 07:00:00-04:00,True,2026-08-07 17:00:00-04:00,2026-08-07 17:00:00-04:00
15,2026-08-06,2026-08-07 11:15:00-04:00,2026-08-07 11:30:00-04:00,2026-08-07 11:45:00-04:00,bearish,29828.75,29746.75,29787.75,29855.0,29793.75,29811.75,29746.75,2026-08-07 12:24:00-04:00,True,2026-08-07 17:00:00-04:00,2026-08-07 17:00:00-04:00
15,2026-08-06,2026-08-07 11:45:00-04:00,2026-08-07 12:00:00-04:00,2026-08-07 12:15:00-04:00,bullish,29843.25,29796.25,29819.75,29830.25,29794.25,29799.75,29843.25,2026-08-07 15:55:00-04:00,True,2026-08-07 17:00:00-04:00,2026-08-07 17:00:00-04:00
15,2026-08-06,2026-08-07 12:15:00-04:00,2026-08-07 12:30:00-04:00,2026-08-07 12:45:00-04:00,bullish,29821.5,29689.0,29755.25,29761.25,29669.0,29754.25,29821.5,2026-08-07 15:15:00-04:00,True,2026-08-07 17:00:00-04:00,2026-08-07 17:00:00-04:00
15,2026-08-06,2026-08-07 12:30:00-04:00,2026-08-07 12:45:00-04:00,2026-08-07 13:00:00-04:00,bearish,29761.25,29669.0,29715.125,29780.75,29738.0,29739.75,29669.0,,False,2026-08-07 17:00:00-04:00,2026-08-07 17:00:00-04:00
15,2026-08-06,2026-08-07 13:00:00-04:00,2026-08-07 13:15:00-04:00,2026-08-07 13:30:00-04:00,bullish,29768.5,29726.25,29747.375,29765.0,29725.5,29747.75,29768.5,2026-08-07 15:01:00-04:00,True,2026-08-07 17:00:00-04:00,2026-08-07 17:00:00-04:00
15,2026-08-06,2026-08-07 16:15:00-04:00,2026-08-07 16:30:00-04:00,2026-08-07 16:45:00-04:00,bullish,29829.5,29803.75,29816.625,29826.0,29802.5,29814.25,29829.5,2026-08-07 16:57:00-04:00,True,2026-08-07 17:00:00-04:00,2026-08-07 17:00:00-04:00
15,2026-08-09,2026-08-09 18:00:00-04:00,2026-08-09 18:15:00-04:00,2026-08-09 18:30:00-04:00,bullish,29897.0,29820.0,29858.5,29855.0,29805.0,29838.5,29897.0,2026-08-09 20:10:00-04:00,True,2026-08-10 17:00:00-04:00,2026-08-10 17:00:00-04:00
15,2026-08-09,2026-08-09 19:00:00-04:00,2026-08-09 19:15:00-04:00,2026-08-09 19:30:00-04:00,bearish,29876.5,29833.0,29854.75,29881.75,29855.0,29863.5,29833.0,2026-08-09 19:57:00-04:00,True,2026-08-10 17:00:00-04:00,2026-08-10 17:00:00-04:00
15,2026-08-09,2026-08-09 19:15:00-04:00,2026-08-09 19:30:00-04:00,2026-08-09 19:45:00-04:00,bullish,29881.75,29855.0,29868.375,29865.75,29834.25,29862.25,29881.75,2026-08-09 20:08:00-04:00,True,2026-08-10 17:00:00-04:00,2026-08-10 17:00:00-04:00
15,2026-08-09,2026-08-09 20:30:00-04:00,2026-08-09 20:45:00-04:00,2026-08-09 21:00:00-04:00,bullish,29865.5,29800.0,29832.75,29831.25,29788.0,29803.0,29865.5,2026-08-09 21:19:00-04:00,True,2026-08-10 17:00:00-04:00,2026-08-10 17:00:00-04:00
15,2026-08-09,2026-08-09 21:15:00-04:00,2026-08-09 21:30:00-04:00,2026-08-09 21:45:00-04:00,bullish,29884.5,29846.0,29865.25,29881.25,29841.25,29875.5,29884.5,2026-08-09 21:46:00-04:00,True,2026-08-10 17:00:00-04:00,2026-08-10 17:00:00-04:00
15,2026-08-09,2026-08-09 22:00:00-04:00,2026-08-09 22:15:00-04:00,2026-08-09 22:30:00-04:00,bullish,29895.25,29869.0,29882.125,29874.0,29852.25,29870.0,29895.25,2026-08-09 22:51:00-04:00,True,2026-08-10 17:00:00-04:00,2026-08-10 17:00:00-04:00
15,2026-08-09,2026-08-09 22:30:00-04:00,2026-08-09 22:45:00-04:00,2026-08-09 23:00:00-04:00,bearish,29891.25,29848.5,29869.875,29899.25,29880.5,29881.0,29848.5,2026-08-10 07:48:00-04:00,True,2026-08-10 17:00:00-04:00,2026-08-10 17:00:00-04:00
15,2026-08-09,2026-08-10 00:30:00-04:00,2026-08-10 00:45:00-04:00,2026-08-10 01:00:00-04:00,bearish,29900.0,29863.75,29881.875,29902.0,29872.25,29882.25,29863.75,2026-08-10 07:12:00-04:00,True,2026-08-10 17:00:00-04:00,2026-08-10 17:00:00-04:00
15,2026-08-09,2026-08-10 01:00:00-04:00,2026-08-10 01:15:00-04:00,2026-08-10 01:30:00-04:00,bearish,29919.25,29880.75,29900.0,29924.25,29909.0,29910.25,29880.75,2026-08-10 07:05:00-04:00,True,2026-08-10 17:00:00-04:00,2026-08-10 17:00:00-04:00
15,2026-08-09,2026-08-10 02:15:00-04:00,2026-08-10 02:30:00-04:00,2026-08-10 02:45:00-04:00,bullish,29963.75,29907.75,29935.75,29925.0,29907.0,29917.75,29963.75,2026-08-10 03:36:00-04:00,True,2026-08-10 17:00:00-04:00,2026-08-10 17:00:00-04:00
15,2026-08-09,2026-08-10 02:30:00-04:00,2026-08-10 02:45:00-04:00,2026-08-10 03:00:00-04:00,bullish,29925.0,29907.0,29916.0,29924.0,29904.25,29908.75,29925.0,2026-08-10 03:17:00-04:00,True,2026-08-10 17:00:00-04:00,2026-08-10 17:00:00-04:00
15,2026-08-09,2026-08-10 02:45:00-04:00,2026-08-10 03:00:00-04:00,2026-08-10 03:15:00-04:00,bullish,29924.0,29904.25,29914.125,29923.25,29886.75,29913.25,29924.0,2026-08-10 03:17:00-04:00,True,2026-08-10 17:00:00-04:00,2026-08-10 17:00:00-04:00
15,2026-08-09,2026-08-10 04:00:00-04:00,2026-08-10 04:15:00-04:00,2026-08-10 04:30:00-04:00,bullish,29981.25,29946.5,29963.875,29973.5,29939.0,29952.25,29981.25,2026-08-10 05:11:00-04:00,True,2026-08-10 17:00:00-04:00,2026-08-10 17:00:00-04:00
15,2026-08-09,2026-08-10 04:30:00-04:00,2026-08-10 04:45:00-04:00,2026-08-10 05:00:00-04:00,bearish,29972.25,29943.75,29958.0,29975.75,29949.0,29971.75,29943.75,2026-08-10 05:39:00-04:00,True,2026-08-10 17:00:00-04:00,2026-08-10 17:00:00-04:00
15,2026-08-09,2026-08-10 05:00:00-04:00,2026-08-10 05:15:00-04:00,2026-08-10 05:30:00-04:00,bullish,29984.25,29965.5,29974.875,29982.25,29963.0,29968.5,29984.25,,False,2026-08-10 17:00:00-04:00,2026-08-10 17:00:00-04:00
15,2026-08-09,2026-08-10 06:00:00-04:00,2026-08-10 06:15:00-04:00,2026-08-10 06:30:00-04:00,bullish,29959.25,29916.0,29937.625,29952.0,29915.25,29945.5,29959.25,,False,2026-08-10 17:00:00-04:00,2026-08-10 17:00:00-04:00
15,2026-08-09,2026-08-10 06:15:00-04:00,2026-08-10 06:30:00-04:00,2026-08-10 06:45:00-04:00,bullish,29952.0,29915.25,29933.625,29945.75,29909.25,29919.25,29952.0,,False,2026-08-10 17:00:00-04:00,2026-08-10 17:00:00-04:00
15,2026-08-09,2026-08-10 07:15:00-04:00,2026-08-10 07:30:00-04:00,2026-08-10 07:45:00-04:00,bearish,29913.0,29864.25,29888.625,29915.0,29872.5,29875.0,29864.25,2026-08-10 07:48:00-04:00,True,2026-08-10 17:00:00-04:00,2026-08-10 17:00:00-04:00
15,2026-08-09,2026-08-10 07:45:00-04:00,2026-08-10 08:00:00-04:00,2026-08-10 08:15:00-04:00,bullish,29885.25,29845.25,29865.25,29884.25,29843.0,29846.0,29885.25,2026-08-10 10:10:00-04:00,True,2026-08-10 17:00:00-04:00,2026-08-10 17:00:00-04:00
15,2026-08-09,2026-08-10 08:45:00-04:00,2026-08-10 09:00:00-04:00,2026-08-10 09:15:00-04:00,bearish,29809.75,29771.0,29790.375,29816.25,29771.75,29804.5,29771.0,2026-08-10 09:34:00-04:00,True,2026-08-10 17:00:00-04:00,2026-08-10 17:00:00-04:00
15,2026-08-09,2026-08-10 09:00:00-04:00,2026-08-10 09:15:00-04:00,2026-08-10 09:30:00-04:00,bearish,29816.25,29771.75,29794.0,29823.5,29789.0,29805.5,29771.75,2026-08-10 09:34:00-04:00,True,2026-08-10 17:00:00-04:00,2026-08-10 17:00:00-04:00
15,2026-08-09,2026-08-10 10:00:00-04:00,2026-08-10 10:15:00-04:00,2026-08-10 10:30:00-04:00,bearish,29894.0,29788.25,29841.125,29900.0,29801.25,29857.75,29788.25,2026-08-10 10:55:00-04:00,True,2026-08-10 17:00:00-04:00,2026-08-10 17:00:00-04:00
15,2026-08-09,2026-08-10 10:45:00-04:00,2026-08-10 11:00:00-04:00,2026-08-10 11:15:00-04:00,bullish,29886.25,29776.75,29831.5,29823.5,29764.75,29793.0,29886.25,,False,2026-08-10 17:00:00-04:00,2026-08-10 17:00:00-04:00
15,2026-08-09,2026-08-10 11:00:00-04:00,2026-08-10 11:15:00-04:00,2026-08-10 11:30:00-04:00,bullish,29823.5,29764.75,29794.125,29817.5,29753.5,29777.75,29823.5,2026-08-10 11:52:00-04:00,True,2026-08-10 17:00:00-04:00,2026-08-10 17:00:00-04:00
15,2026-08-09,2026-08-10 11:15:00-04:00,2026-08-10 11:30:00-04:00,2026-08-10 11:45:00-04:00,bullish,29817.5,29753.5,29785.5,29809.0,29741.25,29808.0,29817.5,2026-08-10 11:45:00-04:00,True,2026-08-10 17:00:00-04:00,2026-08-10 17:00:00-04:00
15,2026-08-09,2026-08-10 11:45:00-04:00,2026-08-10 12:00:00-04:00,2026-08-10 12:15:00-04:00,bearish,29855.0,29786.5,29820.75,29858.75,29811.5,29822.0,29786.5,2026-08-10 12:32:00-04:00,True,2026-08-10 17:00:00-04:00,2026-08-10 17:00:00-04:00
15,2026-08-09,2026-08-10 13:00:00-04:00,2026-08-10 13:15:00-04:00,2026-08-10 13:30:00-04:00,bearish,29808.75,29760.25,29784.5,29811.5,29776.0,29786.75,29760.25,2026-08-10 13:44:00-04:00,True,2026-08-10 17:00:00-04:00,2026-08-10 17:00:00-04:00
15,2026-08-09,2026-08-10 13:30:00-04:00,2026-08-10 13:45:00-04:00,2026-08-10 14:00:00-04:00,bullish,29797.5,29756.0,29776.75,29767.5,29744.25,29759.25,29797.5,,False,2026-08-10 17:00:00-04:00,2026-08-10 17:00:00-04:00
15,2026-08-09,2026-08-10 13:45:00-04:00,2026-08-10 14:00:00-04:00,2026-08-10 14:15:00-04:00,bearish,29767.5,29744.25,29755.875,29772.25,29748.25,29751.25,29744.25,2026-08-10 14:16:00-04:00,True,2026-08-10 17:00:00-04:00,2026-08-10 17:00:00-04:00
15,2026-08-09,2026-08-10 15:00:00-04:00,2026-08-10 15:15:00-04:00,2026-08-10 15:30:00-04:00,bearish,29794.75,29775.5,29785.125,29796.5,29779.25,29781.75,29775.5,2026-08-10 15:34:00-04:00,True,2026-08-10 17:00:00-04:00,2026-08-10 17:00:00-04:00
15,2026-08-09,2026-08-10 16:00:00-04:00,2026-08-10 16:15:00-04:00,2026-08-10 16:30:00-04:00,bullish,29755.0,29739.5,29747.25,29755.0,29737.0,29751.25,29755.0,2026-08-10 16:44:00-04:00,True,2026-08-10 17:00:00-04:00,2026-08-10 17:00:00-04:00
15,2026-08-10,2026-08-10 18:45:00-04:00,2026-08-10 19:00:00-04:00,2026-08-10 19:15:00-04:00,bullish,29736.75,29724.0,29730.375,29734.75,29719.25,29731.0,29736.75,2026-08-10 20:11:00-04:00,True,2026-08-11 17:00:00-04:00,2026-08-11 17:00:00-04:00
15,2026-08-10,2026-08-10 19:15:00-04:00,2026-08-10 19:30:00-04:00,2026-08-10 19:45:00-04:00,bullish,29732.0,29702.5,29717.25,29715.75,29701.75,29714.25,29732.0,2026-08-10 20:11:00-04:00,True,2026-08-11 17:00:00-04:00,2026-08-11 17:00:00-04:00
15,2026-08-10,2026-08-10 21:00:00-04:00,2026-08-10 21:15:00-04:00,2026-08-10 21:30:00-04:00,bearish,29826.25,29764.25,29795.25,29839.75,29809.75,29820.0,29764.25,2026-08-11 02:31:00-04:00,True,2026-08-11 17:00:00-04:00,2026-08-11 17:00:00-04:00
15,2026-08-10,2026-08-10 21:30:00-04:00,2026-08-10 21:45:00-04:00,2026-08-10 22:00:00-04:00,bearish,29828.0,29810.0,29819.0,29842.75,29817.0,29818.5,29810.0,2026-08-11 01:30:00-04:00,True,2026-08-11 17:00:00-04:00,2026-08-11 17:00:00-04:00
15,2026-08-10,2026-08-10 21:45:00-04:00,2026-08-10 22:00:00-04:00,2026-08-10 22:15:00-04:00,bullish,29842.75,29817.0,29829.875,29830.75,29812.0,29820.75,29842.75,2026-08-10 22:46:00-04:00,True,2026-08-11 17:00:00-04:00,2026-08-11 17:00:00-04:00
15,2026-08-10,2026-08-10 22:45:00-04:00,2026-08-10 23:00:00-04:00,2026-08-10 23:15:00-04:00,bullish,29846.25,29815.0,29830.625,29832.25,29814.75,29821.75,29846.25,2026-08-10 23:27:00-04:00,True,2026-08-11 17:00:00-04:00,2026-08-11 17:00:00-04:00
15,2026-08-10,2026-08-11 00:30:00-04:00,2026-08-11 00:45:00-04:00,2026-08-11 01:00:00-04:00,bullish,29862.0,29834.75,29848.375,29847.25,29833.75,29839.25,29862.0,2026-08-11 07:01:00-04:00,True,2026-08-11 17:00:00-04:00,2026-08-11 17:00:00-04:00
15,2026-08-10,2026-08-11 01:15:00-04:00,2026-08-11 01:30:00-04:00,2026-08-11 01:45:00-04:00,bullish,29853.5,29813.0,29833.25,29829.5,29798.75,29815.0,29853.5,2026-08-11 07:01:00-04:00,True,2026-08-11 17:00:00-04:00,2026-08-11 17:00:00-04:00
15,2026-08-10,2026-08-11 02:15:00-04:00,2026-08-11 02:30:00-04:00,2026-08-11 02:45:00-04:00,bullish,29822.0,29765.75,29793.875,29789.5,29732.25,29783.5,29822.0,2026-08-11 06:27:00-04:00,True,2026-08-11 17:00:00-04:00,2026-08-11 17:00:00-04:00
15,2026-08-10,2026-08-11 02:45:00-04:00,2026-08-11 03:00:00-04:00,2026-08-11 03:15:00-04:00,bullish,29787.0,29738.25,29762.625,29770.5,29733.5,29759.0,29787.0,2026-08-11 04:01:00-04:00,True,2026-08-11 17:00:00-04:00,2026-08-11 17:00:00-04:00
15,2026-08-10,2026-08-11 03:00:00-04:00,2026-08-11 03:15:00-04:00,2026-08-11 03:30:00-04:00,bullish,29770.5,29733.5,29752.0,29765.0,29726.0,29743.75,29770.5,2026-08-11 03:33:00-04:00,True,2026-08-11 17:00:00-04:00,2026-08-11 17:00:00-04:00
15,2026-08-10,2026-08-11 04:00:00-04:00,2026-08-11 04:15:00-04:00,2026-08-11 04:30:00-04:00,bullish,29805.5,29730.0,29767.75,29748.5,29718.0,29733.0,29805.5,2026-08-11 06:24:00-04:00,True,2026-08-11 17:00:00-04:00,2026-08-11 17:00:00-04:00
15,2026-08-10,2026-08-11 04:30:00-04:00,2026-08-11 04:45:00-04:00,2026-08-11 05:00:00-04:00,bearish,29755.0,29717.5,29736.25,29763.75,29742.0,29749.0,29717.5,2026-08-11 09:35:00-04:00,True,2026-08-11 17:00:00-04:00,2026-08-11 17:00:00-04:00
15,2026-08-10,2026-08-11 06:30:00-04:00,2026-08-11 06:45:00-04:00,2026-08-11 07:00:00-04:00,bearish,29823.75,29801.75,29812.75,29828.0,29811.0,29817.75,29801.75,2026-08-11 09:30:00-04:00,True,2026-08-11 17:00:00-04:00,2026-08-11 17:00:00-04:00
15,2026-08-10,2026-08-11 08:00:00-04:00,2026-08-11 08:15:00-04:00,2026-08-11 08:30:00-04:00,bearish,29864.75,29819.0,29841.875,29871.5,29820.5,29829.0,29819.0,2026-08-11 09:15:00-04:00,True,2026-08-11 17:00:00-04:00,2026-08-11 17:00:00-04:00
15,2026-08-10,2026-08-11 08:15:00-04:00,2026-08-11 08:30:00-04:00,2026-08-11 08:45:00-04:00,bullish,29871.5,29820.5,29846.0,29857.5,29819.75,29846.25,29871.5,,False,2026-08-11 17:00:00-04:00,2026-08-11 17:00:00-04:00
15,2026-08-10,2026-08-11 08:45:00-04:00,2026-08-11 09:00:00-04:00,2026-08-11 09:15:00-04:00,bullish,29853.75,29827.75,29840.75,29852.0,29820.25,29828.0,29853.75,,False,2026-08-11 17:00:00-04:00,2026-08-11 17:00:00-04:00
15,2026-08-10,2026-08-11 09:00:00-04:00,2026-08-11 09:15:00-04:00,2026-08-11 09:30:00-04:00,bullish,29852.0,29820.25,29836.125,29846.0,29813.0,29839.75,29852.0,,False,2026-08-11 17:00:00-04:00,2026-08-11 17:00:00-04:00
15,2026-08-10,2026-08-11 09:30:00-04:00,2026-08-11 09:45:00-04:00,2026-08-11 10:00:00-04:00,bullish,29842.75,29678.75,29760.75,29735.0,29636.0,29732.5,29842.75,,False,2026-08-11 17:00:00-04:00,2026-08-11 17:00:00-04:00
15,2026-08-10,2026-08-11 10:15:00-04:00,2026-08-11 10:30:00-04:00,2026-08-11 10:45:00-04:00,bullish,29791.0,29736.75,29763.875,29785.0,29723.25,29742.25,29791.0,2026-08-11 10:51:00-04:00,True,2026-08-11 17:00:00-04:00,2026-08-11 17:00:00-04:00
15,2026-08-10,2026-08-11 10:30:00-04:00,2026-08-11 10:45:00-04:00,2026-08-11 11:00:00-04:00,bearish,29785.0,29723.25,29754.125,29805.0,29739.75,29776.25,29723.25,2026-08-11 11:08:00-04:00,True,2026-08-11 17:00:00-04:00,2026-08-11 17:00:00-04:00
15,2026-08-10,2026-08-11 13:00:00-04:00,2026-08-11 13:15:00-04:00,2026-08-11 13:30:00-04:00,bullish,29634.75,29577.25,29606.0,29618.5,29573.0,29606.5,29634.75,2026-08-11 13:42:00-04:00,True,2026-08-11 17:00:00-04:00,2026-08-11 17:00:00-04:00
15,2026-08-10,2026-08-11 13:30:00-04:00,2026-08-11 13:45:00-04:00,2026-08-11 14:00:00-04:00,bearish,29638.25,29599.0,29618.625,29641.0,29622.5,29629.0,29599.0,2026-08-11 14:20:00-04:00,True,2026-08-11 17:00:00-04:00,2026-08-11 17:00:00-04:00
15,2026-08-10,2026-08-11 15:30:00-04:00,2026-08-11 15:45:00-04:00,2026-08-11 16:00:00-04:00,bullish,29660.25,29620.0,29640.125,29650.0,29606.75,29635.5,29660.25,2026-08-11 16:22:00-04:00,True,2026-08-11 17:00:00-04:00,2026-08-11 17:00:00-04:00
15,2026-08-10,2026-08-11 15:45:00-04:00,2026-08-11 16:00:00-04:00,2026-08-11 16:15:00-04:00,bearish,29650.0,29606.75,29628.375,29652.0,29615.0,29640.25,29606.75,,False,2026-08-11 17:00:00-04:00,2026-08-11 17:00:00-04:00
15,2026-08-10,2026-08-11 16:15:00-04:00,2026-08-11 16:30:00-04:00,2026-08-11 16:45:00-04:00,bearish,29677.0,29639.25,29658.125,29677.5,29665.0,29670.75,29639.25,,False,2026-08-11 17:00:00-04:00,2026-08-11 17:00:00-04:00
15,2026-08-11,2026-08-11 18:30:00-04:00,2026-08-11 18:45:00-04:00,2026-08-11 19:00:00-04:00,bullish,29667.25,29636.75,29652.0,29654.0,29633.75,29649.75,29667.25,2026-08-11 20:00:00-04:00,True,2026-08-12 17:00:00-04:00,2026-08-12 17:00:00-04:00
15,2026-08-11,2026-08-11 18:45:00-04:00,2026-08-11 19:00:00-04:00,2026-08-11 19:15:00-04:00,bearish,29654.0,29633.75,29643.875,29655.0,29638.0,29643.0,29633.75,2026-08-11 20:01:00-04:00,True,2026-08-12 17:00:00-04:00,2026-08-12 17:00:00-04:00
15,2026-08-11,2026-08-11 20:00:00-04:00,2026-08-11 20:15:00-04:00,2026-08-11 20:30:00-04:00,bearish,29671.5,29625.0,29648.25,29676.0,29638.25,29664.75,29625.0,,False,2026-08-12 17:00:00-04:00,2026-08-12 17:00:00-04:00
15,2026-08-11,2026-08-11 20:15:00-04:00,2026-08-11 20:30:00-04:00,2026-08-11 20:45:00-04:00,bearish,29676.0,29638.25,29657.125,29681.5,29652.5,29661.5,29638.25,,False,2026-08-12 17:00:00-04:00,2026-08-12 17:00:00-04:00
15,2026-08-11,2026-08-11 21:00:00-04:00,2026-08-11 21:15:00-04:00,2026-08-11 21:30:00-04:00,bullish,29681.0,29659.75,29670.375,29675.5,29639.0,29663.0,29681.0,2026-08-11 21:50:00-04:00,True,2026-08-12 17:00:00-04:00,2026-08-12 17:00:00-04:00
15,2026-08-11,2026-08-11 21:30:00-04:00,2026-08-11 21:45:00-04:00,2026-08-11 22:00:00-04:00,bearish,29678.75,29645.25,29662.0,29684.75,29646.0,29658.5,29645.25,,False,2026-08-12 17:00:00-04:00,2026-08-12 17:00:00-04:00
15,2026-08-11,2026-08-11 23:00:00-04:00,2026-08-11 23:15:00-04:00,2026-08-11 23:30:00-04:00,bullish,29710.5,29695.0,29702.75,29708.5,29694.0,29702.75,29710.5,2026-08-12 00:48:00-04:00,True,2026-08-12 17:00:00-04:00,2026-08-12 17:00:00-04:00
15,2026-08-11,2026-08-11 23:30:00-04:00,2026-08-11 23:45:00-04:00,2026-08-12 00:00:00-04:00,bullish,29705.0,29688.5,29696.75,29701.25,29684.0,29694.5,29705.0,2026-08-12 00:47:00-04:00,True,2026-08-12 17:00:00-04:00,2026-08-12 17:00:00-04:00
15,2026-08-11,2026-08-11 23:45:00-04:00,2026-08-12 00:00:00-04:00,2026-08-12 00:15:00-04:00,bearish,29701.25,29684.0,29692.625,29704.0,29689.0,29697.0,29684.0,2026-08-12 00:34:00-04:00,True,2026-08-12 17:00:00-04:00,2026-08-12 17:00:00-04:00
15,2026-08-11,2026-08-12 00:15:00-04:00,2026-08-12 00:30:00-04:00,2026-08-12 00:45:00-04:00,bullish,29702.75,29689.75,29696.25,29699.5,29683.0,29697.25,29702.75,2026-08-12 00:47:00-04:00,True,2026-08-12 17:00:00-04:00,2026-08-12 17:00:00-04:00
15,2026-08-11,2026-08-12 01:00:00-04:00,2026-08-12 01:15:00-04:00,2026-08-12 01:30:00-04:00,bullish,29714.5,29684.75,29699.625,29691.25,29668.0,29688.25,29714.5,2026-08-12 01:55:00-04:00,True,2026-08-12 17:00:00-04:00,2026-08-12 17:00:00-04:00
15,2026-08-11,2026-08-12 01:45:00-04:00,2026-08-12 02:00:00-04:00,2026-08-12 02:15:00-04:00,bearish,29718.5,29697.0,29707.75,29724.5,29707.0,29713.75,29697.0,,False,2026-08-12 17:00:00-04:00,2026-08-12 17:00:00-04:00
15,2026-08-11,2026-08-12 02:00:00-04:00,2026-08-12 02:15:00-04:00,2026-08-12 02:30:00-04:00,bullish,29724.5,29707.0,29715.75,29721.0,29697.75,29709.75,29724.5,2026-08-12 02:38:00-04:00,True,2026-08-12 17:00:00-04:00,2026-08-12 17:00:00-04:00
15,2026-08-11,2026-08-12 02:15:00-04:00,2026-08-12 02:30:00-04:00,2026-08-12 02:45:00-04:00,bearish,29721.0,29697.75,29709.375,29730.5,29705.25,29718.5,29697.75,,False,2026-08-12 17:00:00-04:00,2026-08-12 17:00:00-04:00
15,2026-08-11,2026-08-12 03:00:00-04:00,2026-08-12 03:15:00-04:00,2026-08-12 03:30:00-04:00,bullish,29754.75,29735.0,29744.875,29748.25,29728.0,29738.75,29754.75,2026-08-12 04:00:00-04:00,True,2026-08-12 17:00:00-04:00,2026-08-12 17:00:00-04:00
15,2026-08-11,2026-08-12 04:15:00-04:00,2026-08-12 04:30:00-04:00,2026-08-12 04:45:00-04:00,bullish,29792.75,29763.5,29778.125,29787.0,29762.5,29774.0,29792.75,2026-08-12 04:50:00-04:00,True,2026-08-12 17:00:00-04:00,2026-08-12 17:00:00-04:00
15,2026-08-11,2026-08-12 06:00:00-04:00,2026-08-12 06:15:00-04:00,2026-08-12 06:30:00-04:00,bearish,29842.5,29814.5,29828.5,29845.25,29833.5,29839.0,29814.5,2026-08-12 06:48:00-04:00,True,2026-08-12 17:00:00-04:00,2026-08-12 17:00:00-04:00
15,2026-08-11,2026-08-12 06:15:00-04:00,2026-08-12 06:30:00-04:00,2026-08-12 06:45:00-04:00,bullish,29845.25,29833.5,29839.375,29844.0,29832.25,29841.25,29845.25,2026-08-12 07:59:00-04:00,True,2026-08-12 17:00:00-04:00,2026-08-12 17:00:00-04:00
15,2026-08-11,2026-08-12 07:45:00-04:00,2026-08-12 08:00:00-04:00,2026-08-12 08:15:00-04:00,bearish,29847.75,29819.0,29833.375,29858.0,29829.0,29829.5,29819.0,2026-08-12 08:30:00-04:00,True,2026-08-12 17:00:00-04:00,2026-08-12 17:00:00-04:00
15,2026-08-11,2026-08-12 09:45:00-04:00,2026-08-12 10:00:00-04:00,2026-08-12 10:15:00-04:00,bullish,29970.0,29860.0,29915.0,29937.0,29848.25,29893.5,29970.0,,False,2026-08-12 17:00:00-04:00,2026-08-12 17:00:00-04:00
15,2026-08-11,2026-08-12 10:00:00-04:00,2026-08-12 10:15:00-04:00,2026-08-12 10:30:00-04:00,bearish,29937.0,29848.25,29892.625,29946.25,29864.25,29916.5,29848.25,2026-08-12 10:31:00-04:00,True,2026-08-12 17:00:00-04:00,2026-08-12 17:00:00-04:00
15,2026-08-11,2026-08-12 10:15:00-04:00,2026-08-12 10:30:00-04:00,2026-08-12 10:45:00-04:00,bullish,29946.25,29864.25,29905.25,29928.75,29835.75,29924.75,29946.25,,False,2026-08-12 17:00:00-04:00,2026-08-12 17:00:00-04:00
15,2026-08-11,2026-08-12 10:30:00-04:00,2026-08-12 10:45:00-04:00,2026-08-12 11:00:00-04:00,bearish,29928.75,29835.75,29882.25,29931.75,29848.5,29867.25,29835.75,2026-08-12 11:32:00-04:00,True,2026-08-12 17:00:00-04:00,2026-08-12 17:00:00-04:00
15,2026-08-11,2026-08-12 10:45:00-04:00,2026-08-12 11:00:00-04:00,2026-08-12 11:15:00-04:00,bullish,29931.75,29848.5,29890.125,29891.25,29838.75,29879.5,29931.75,,False,2026-08-12 17:00:00-04:00,2026-08-12 17:00:00-04:00
15,2026-08-11,2026-08-12 12:00:00-04:00,2026-08-12 12:15:00-04:00,2026-08-12 12:30:00-04:00,bearish,29878.25,29829.0,29853.625,29888.0,29858.0,29873.5,29829.0,2026-08-12 15:55:00-04:00,True,2026-08-12 17:00:00-04:00,2026-08-12 17:00:00-04:00
15,2026-08-11,2026-08-12 12:45:00-04:00,2026-08-12 13:00:00-04:00,2026-08-12 13:15:00-04:00,bearish,29917.5,29879.25,29898.375,29924.5,29896.75,29911.25,29879.25,2026-08-12 15:14:00-04:00,True,2026-08-12 17:00:00-04:00,2026-08-12 17:00:00-04:00
15,2026-08-11,2026-08-12 13:00:00-04:00,2026-08-12 13:15:00-04:00,2026-08-12 13:30:00-04:00,bullish,29924.5,29896.75,29910.625,29920.0,29888.25,29910.0,29924.5,2026-08-12 14:41:00-04:00,True,2026-08-12 17:00:00-04:00,2026-08-12 17:00:00-04:00
15,2026-08-11,2026-08-12 13:15:00-04:00,2026-08-12 13:30:00-04:00,2026-08-12 13:45:00-04:00,bearish,29920.0,29888.25,29904.125,29922.25,29900.75,29915.25,29888.25,2026-08-12 14:57:00-04:00,True,2026-08-12 17:00:00-04:00,2026-08-12 17:00:00-04:00
15,2026-08-11,2026-08-12 13:30:00-04:00,2026-08-12 13:45:00-04:00,2026-08-12 14:00:00-04:00,bearish,29922.25,29900.75,29911.5,29924.0,29901.5,29909.75,29900.75,2026-08-12 14:03:00-04:00,True,2026-08-12 17:00:00-04:00,2026-08-12 17:00:00-04:00
15,2026-08-11,2026-08-12 13:45:00-04:00,2026-08-12 14:00:00-04:00,2026-08-12 14:15:00-04:00,bullish,29924.0,29901.5,29912.75,29918.75,29891.0,29907.5,29924.0,2026-08-12 14:41:00-04:00,True,2026-08-12 17:00:00-04:00,2026-08-12 17:00:00-04:00
15,2026-08-11,2026-08-12 14:00:00-04:00,2026-08-12 14:15:00-04:00,2026-08-12 14:30:00-04:00,bullish,29918.75,29891.0,29904.875,29914.0,29889.75,29894.25,29918.75,2026-08-12 14:40:00-04:00,True,2026-08-12 17:00:00-04:00,2026-08-12 17:00:00-04:00
15,2026-08-11,2026-08-12 15:45:00-04:00,2026-08-12 16:00:00-04:00,2026-08-12 16:15:00-04:00,bearish,29870.0,29825.5,29847.75,29906.0,29831.25,29847.0,29825.5,2026-08-12 16:22:00-04:00,True,2026-08-12 17:00:00-04:00,2026-08-12 17:00:00-04:00
15,2026-08-11,2026-08-12 16:15:00-04:00,2026-08-12 16:30:00-04:00,2026-08-12 16:45:00-04:00,bullish,29851.5,29814.0,29832.75,29823.5,29809.5,29820.5,29851.5,,False,2026-08-12 17:00:00-04:00,2026-08-12 17:00:00-04:00
15,2026-08-12,2026-08-12 18:15:00-04:00,2026-08-12 18:30:00-04:00,2026-08-12 18:45:00-04:00,bullish,29809.0,29784.0,29796.5,29796.0,29780.5,29792.25,29809.0,2026-08-12 19:10:00-04:00,True,2026-08-13 17:00:00-04:00,2026-08-13 17:00:00-04:00
15,2026-08-12,2026-08-12 20:00:00-04:00,2026-08-12 20:15:00-04:00,2026-08-12 20:30:00-04:00,bearish,29864.25,29796.5,29830.375,29866.5,29838.0,29838.75,29796.5,,False,2026-08-13 17:00:00-04:00,2026-08-13 17:00:00-04:00
15,2026-08-12,2026-08-12 20:15:00-04:00,2026-08-12 20:30:00-04:00,2026-08-12 20:45:00-04:00,bullish,29866.5,29838.0,29852.25,29852.75,29826.75,29841.75,29866.5,2026-08-12 22:03:00-04:00,True,2026-08-13 17:00:00-04:00,2026-08-13 17:00:00-04:00
15,2026-08-12,2026-08-12 21:15:00-04:00,2026-08-12 21:30:00-04:00,2026-08-12 21:45:00-04:00,bearish,29838.25,29808.25,29823.25,29843.75,29813.75,29836.75,29808.25,,False,2026-08-13 17:00:00-04:00,2026-08-13 17:00:00-04:00
15,2026-08-12,2026-08-12 21:45:00-04:00,2026-08-12 22:00:00-04:00,2026-08-12 22:15:00-04:00,bearish,29865.75,29828.0,29846.875,29872.0,29853.75,29862.0,29828.0,2026-08-13 04:17:00-04:00,True,2026-08-13 17:00:00-04:00,2026-08-13 17:00:00-04:00
15,2026-08-12,2026-08-12 22:45:00-04:00,2026-08-12 23:00:00-04:00,2026-08-12 23:15:00-04:00,bearish,29875.0,29865.0,29870.0,29876.0,29865.5,29874.0,29865.0,2026-08-13 00:20:00-04:00,True,2026-08-13 17:00:00-04:00,2026-08-13 17:00:00-04:00
15,2026-08-12,2026-08-12 23:00:00-04:00,2026-08-12 23:15:00-04:00,2026-08-12 23:30:00-04:00,bearish,29876.0,29865.5,29870.75,29879.5,29871.25,29874.0,29865.5,2026-08-12 23:33:00-04:00,True,2026-08-13 17:00:00-04:00,2026-08-13 17:00:00-04:00
15,2026-08-12,2026-08-12 23:30:00-04:00,2026-08-12 23:45:00-04:00,2026-08-13 00:00:00-04:00,bearish,29880.25,29865.5,29872.875,29881.0,29875.0,29878.25,29865.5,2026-08-13 00:20:00-04:00,True,2026-08-13 17:00:00-04:00,2026-08-13 17:00:00-04:00
15,2026-08-12,2026-08-13 00:00:00-04:00,2026-08-13 00:15:00-04:00,2026-08-13 00:30:00-04:00,bullish,29892.25,29869.0,29880.625,29884.0,29854.0,29876.75,29892.25,2026-08-13 00:36:00-04:00,True,2026-08-13 17:00:00-04:00,2026-08-13 17:00:00-04:00
15,2026-08-12,2026-08-13 00:15:00-04:00,2026-08-13 00:30:00-04:00,2026-08-13 00:45:00-04:00,bearish,29884.0,29854.0,29869.0,29895.75,29876.0,29879.0,29854.0,2026-08-13 03:04:00-04:00,True,2026-08-13 17:00:00-04:00,2026-08-13 17:00:00-04:00
15,2026-08-12,2026-08-13 00:30:00-04:00,2026-08-13 00:45:00-04:00,2026-08-13 01:00:00-04:00,bullish,29895.75,29876.0,29885.875,29895.0,29873.0,29878.5,29895.75,2026-08-13 01:03:00-04:00,True,2026-08-13 17:00:00-04:00,2026-08-13 17:00:00-04:00
15,2026-08-12,2026-08-13 01:45:00-04:00,2026-08-13 02:00:00-04:00,2026-08-13 02:15:00-04:00,bullish,29908.5,29882.5,29895.5,29896.5,29868.5,29893.0,29908.5,2026-08-13 09:04:00-04:00,True,2026-08-13 17:00:00-04:00,2026-08-13 17:00:00-04:00
15,2026-08-12,2026-08-13 02:30:00-04:00,2026-08-13 02:45:00-04:00,2026-08-13 03:00:00-04:00,bullish,29905.5,29860.75,29883.125,29890.5,29858.5,29888.25,29905.5,2026-08-13 09:04:00-04:00,True,2026-08-13 17:00:00-04:00,2026-08-13 17:00:00-04:00
15,2026-08-12,2026-08-13 04:00:00-04:00,2026-08-13 04:15:00-04:00,2026-08-13 04:30:00-04:00,bullish,29872.0,29828.75,29850.375,29864.75,29827.5,29858.5,29872.0,2026-08-13 04:51:00-04:00,True,2026-08-13 17:00:00-04:00,2026-08-13 17:00:00-04:00
15,2026-08-12,2026-08-13 04:15:00-04:00,2026-08-13 04:30:00-04:00,2026-08-13 04:45:00-04:00,bearish,29864.75,29827.5,29846.125,29865.75,29846.0,29862.75,29827.5,2026-08-13 05:15:00-04:00,True,2026-08-13 17:00:00-04:00,2026-08-13 17:00:00-04:00
15,2026-08-12,2026-08-13 04:30:00-04:00,2026-08-13 04:45:00-04:00,2026-08-13 05:00:00-04:00,bearish,29865.75,29846.0,29855.875,29875.25,29854.5,29861.5,29846.0,2026-08-13 05:06:00-04:00,True,2026-08-13 17:00:00-04:00,2026-08-13 17:00:00-04:00
15,2026-08-12,2026-08-13 05:00:00-04:00,2026-08-13 05:15:00-04:00,2026-08-13 05:30:00-04:00,bullish,29868.5,29832.5,29850.5,29849.75,29821.25,29837.5,29868.5,2026-08-13 05:51:00-04:00,True,2026-08-13 17:00:00-04:00,2026-08-13 17:00:00-04:00
15,2026-08-12,2026-08-13 06:00:00-04:00,2026-08-13 06:15:00-04:00,2026-08-13 06:30:00-04:00,bearish,29878.25,29863.0,29870.625,29884.5,29864.0,29872.5,29863.0,2026-08-13 07:18:00-04:00,True,2026-08-13 17:00:00-04:00,2026-08-13 17:00:00-04:00
15,2026-08-12,2026-08-13 06:30:00-04:00,2026-08-13 06:45:00-04:00,2026-08-13 07:00:00-04:00,bearish,29881.25,29868.25,29874.75,29886.25,29874.75,29880.5,29868.25,2026-08-13 07:16:00-04:00,True,2026-08-13 17:00:00-04:00,2026-08-13 17:00:00-04:00
15,2026-08-12,2026-08-13 07:30:00-04:00,2026-08-13 07:45:00-04:00,2026-08-13 08:00:00-04:00,bearish,29888.75,29856.75,29872.75,29895.0,29867.0,29869.0,29856.75,2026-08-13 08:00:00-04:00,True,2026-08-13 17:00:00-04:00,2026-08-13 17:00:00-04:00
15,2026-08-12,2026-08-13 08:00:00-04:00,2026-08-13 08:15:00-04:00,2026-08-13 08:30:00-04:00,bullish,29872.0,29831.5,29851.75,29868.25,29813.0,29836.75,29872.0,2026-08-13 08:30:00-04:00,True,2026-08-13 17:00:00-04:00,2026-08-13 17:00:00-04:00
15,2026-08-12,2026-08-13 08:15:00-04:00,2026-08-13 08:30:00-04:00,2026-08-13 08:45:00-04:00,bearish,29868.25,29813.0,29840.625,29894.0,29820.0,29846.0,29813.0,,False,2026-08-13 17:00:00-04:00,2026-08-13 17:00:00-04:00
15,2026-08-12,2026-08-13 10:15:00-04:00,2026-08-13 10:30:00-04:00,2026-08-13 10:45:00-04:00,bearish,30237.75,30185.0,30211.375,30267.0,30227.5,30236.0,30185.0,2026-08-13 11:28:00-04:00,True,2026-08-13 17:00:00-04:00,2026-08-13 17:00:00-04:00
15,2026-08-12,2026-08-13 10:45:00-04:00,2026-08-13 11:00:00-04:00,2026-08-13 11:15:00-04:00,bullish,30241.5,30197.75,30219.625,30233.5,30194.0,30217.5,30241.5,2026-08-13 13:19:00-04:00,True,2026-08-13 17:00:00-04:00,2026-08-13 17:00:00-04:00
15,2026-08-12,2026-08-13 11:45:00-04:00,2026-08-13 12:00:00-04:00,2026-08-13 12:15:00-04:00,bearish,30156.75,30104.0,30130.375,30173.25,30114.0,30141.5,30104.0,,False,2026-08-13 17:00:00-04:00,2026-08-13 17:00:00-04:00
15,2026-08-12,2026-08-13 12:15:00-04:00,2026-08-13 12:30:00-04:00,2026-08-13 12:45:00-04:00,bearish,30189.25,30133.25,30161.25,30199.75,30168.0,30183.5,30133.25,,False,2026-08-13 17:00:00-04:00,2026-08-13 17:00:00-04:00
15,2026-08-12,2026-08-13 12:30:00-04:00,2026-08-13 12:45:00-04:00,2026-08-13 13:00:00-04:00,bearish,30199.75,30168.0,30183.875,30203.5,30176.25,30193.5,30168.0,2026-08-13 16:01:00-04:00,True,2026-08-13 17:00:00-04:00,2026-08-13 17:00:00-04:00
15,2026-08-12,2026-08-13 14:00:00-04:00,2026-08-13 14:15:00-04:00,2026-08-13 14:30:00-04:00,bullish,30215.5,30189.25,30202.375,30208.0,30181.0,30192.0,30215.5,2026-08-13 14:33:00-04:00,True,2026-08-13 17:00:00-04:00,2026-08-13 17:00:00-04:00
15,2026-08-12,2026-08-13 14:45:00-04:00,2026-08-13 15:00:00-04:00,2026-08-13 15:15:00-04:00,bearish,30246.0,30228.25,30237.125,30273.25,30231.75,30238.75,30228.25,2026-08-13 15:16:00-04:00,True,2026-08-13 17:00:00-04:00,2026-08-13 17:00:00-04:00
15,2026-08-12,2026-08-13 16:15:00-04:00,2026-08-13 16:30:00-04:00,2026-08-13 16:45:00-04:00,bearish,30214.25,30191.25,30202.75,30215.5,30194.5,30209.75,30191.25,,False,2026-08-13 17:00:00-04:00,2026-08-13 17:00:00-04:00
15,2026-08-13,2026-08-13 19:45:00-04:00,2026-08-13 20:00:00-04:00,2026-08-13 20:15:00-04:00,bearish,30205.25,30188.75,30197.0,30232.5,30196.0,30200.5,30188.75,2026-08-13 20:16:00-04:00,True,2026-08-14 17:00:00-04:00,2026-08-14 17:00:00-04:00
15,2026-08-13,2026-08-13 20:15:00-04:00,2026-08-13 20:30:00-04:00,2026-08-13 20:45:00-04:00,bullish,30204.5,30177.0,30190.75,30191.75,30173.75,30178.5,30204.5,2026-08-14 04:00:00-04:00,True,2026-08-14 17:00:00-04:00,2026-08-14 17:00:00-04:00
15,2026-08-13,2026-08-13 21:30:00-04:00,2026-08-13 21:45:00-04:00,2026-08-13 22:00:00-04:00,bearish,30164.75,30140.5,30152.625,30168.5,30149.5,30151.75,30140.5,2026-08-14 00:35:00-04:00,True,2026-08-14 17:00:00-04:00,2026-08-14 17:00:00-04:00
15,2026-08-13,2026-08-13 23:45:00-04:00,2026-08-14 00:00:00-04:00,2026-08-14 00:15:00-04:00,bullish,30162.75,30151.75,30157.25,30161.0,30144.25,30155.5,30162.75,2026-08-14 00:15:00-04:00,True,2026-08-14 17:00:00-04:00,2026-08-14 17:00:00-04:00
15,2026-08-13,2026-08-14 00:00:00-04:00,2026-08-14 00:15:00-04:00,2026-08-14 00:30:00-04:00,bearish,30161.0,30144.25,30152.625,30165.5,30150.25,30157.75,30144.25,2026-08-14 00:35:00-04:00,True,2026-08-14 17:00:00-04:00,2026-08-14 17:00:00-04:00
15,2026-08-13,2026-08-14 00:15:00-04:00,2026-08-14 00:30:00-04:00,2026-08-14 00:45:00-04:00,bullish,30165.5,30150.25,30157.875,30164.0,30136.5,30154.5,30165.5,2026-08-14 01:44:00-04:00,True,2026-08-14 17:00:00-04:00,2026-08-14 17:00:00-04:00
15,2026-08-13,2026-08-14 01:00:00-04:00,2026-08-14 01:15:00-04:00,2026-08-14 01:30:00-04:00,bearish,30152.25,30128.0,30140.125,30153.75,30138.0,30149.75,30128.0,2026-08-14 10:59:00-04:00,True,2026-08-14 17:00:00-04:00,2026-08-14 17:00:00-04:00
15,2026-08-13,2026-08-14 02:00:00-04:00,2026-08-14 02:15:00-04:00,2026-08-14 02:30:00-04:00,bullish,30178.5,30149.5,30164.0,30164.75,30145.75,30162.5,30178.5,2026-08-14 03:00:00-04:00,True,2026-08-14 17:00:00-04:00,2026-08-14 17:00:00-04:00
15,2026-08-13,2026-08-14 02:15:00-04:00,2026-08-14 02:30:00-04:00,2026-08-14 02:45:00-04:00,bearish,30164.75,30145.75,30155.25,30165.5,30149.25,30160.0,30145.75,2026-08-14 10:27:00-04:00,True,2026-08-14 17:00:00-04:00,2026-08-14 17:00:00-04:00
15,2026-08-13,2026-08-14 02:45:00-04:00,2026-08-14 03:00:00-04:00,2026-08-14 03:15:00-04:00,bearish,30177.5,30160.0,30168.75,30194.5,30171.0,30175.25,30160.0,2026-08-14 10:23:00-04:00,True,2026-08-14 17:00:00-04:00,2026-08-14 17:00:00-04:00
15,2026-08-13,2026-08-14 04:15:00-04:00,2026-08-14 04:30:00-04:00,2026-08-14 04:45:00-04:00,bearish,30231.75,30200.25,30216.0,30241.0,30221.5,30228.0,30200.25,2026-08-14 09:35:00-04:00,True,2026-08-14 17:00:00-04:00,2026-08-14 17:00:00-04:00
15,2026-08-13,2026-08-14 07:00:00-04:00,2026-08-14 07:15:00-04:00,2026-08-14 07:30:00-04:00,bullish,30262.25,30246.75,30254.5,30254.75,30241.75,30247.5,30262.25,2026-08-14 07:48:00-04:00,True,2026-08-14 17:00:00-04:00,2026-08-14 17:00:00-04:00
15,2026-08-13,2026-08-14 09:30:00-04:00,2026-08-14 09:45:00-04:00,2026-08-14 10:00:00-04:00,bearish,30269.5,30170.0,30219.75,30280.75,30205.0,30226.5,30170.0,2026-08-14 10:19:00-04:00,True,2026-08-14 17:00:00-04:00,2026-08-14 17:00:00-04:00
15,2026-08-13,2026-08-14 09:45:00-04:00,2026-08-14 10:00:00-04:00,2026-08-14 10:15:00-04:00,bullish,30280.75,30205.0,30242.875,30272.25,30203.0,30221.25,30280.75,,False,2026-08-14 17:00:00-04:00,2026-08-14 17:00:00-04:00
15,2026-08-13,2026-08-14 10:15:00-04:00,2026-08-14 10:30:00-04:00,2026-08-14 10:45:00-04:00,bullish,30229.5,30134.25,30181.875,30176.25,30129.0,30155.5,30229.5,,False,2026-08-14 17:00:00-04:00,2026-08-14 17:00:00-04:00
15,2026-08-13,2026-08-14 11:15:00-04:00,2026-08-14 11:30:00-04:00,2026-08-14 11:45:00-04:00,bullish,30111.0,30032.5,30071.75,30074.5,30028.5,30049.25,30111.0,2026-08-14 15:40:00-04:00,True,2026-08-14 17:00:00-04:00,2026-08-14 17:00:00-04:00
15,2026-08-13,2026-08-14 11:30:00-04:00,2026-08-14 11:45:00-04:00,2026-08-14 12:00:00-04:00,bullish,30074.5,30028.5,30051.5,30073.0,30025.0,30066.0,30074.5,2026-08-14 12:00:00-04:00,True,2026-08-14 17:00:00-04:00,2026-08-14 17:00:00-04:00
15,2026-08-13,2026-08-14 13:00:00-04:00,2026-08-14 13:15:00-04:00,2026-08-14 13:30:00-04:00,bullish,30079.75,30052.25,30066.0,30076.5,30047.0,30059.75,30079.75,2026-08-14 13:57:00-04:00,True,2026-08-14 17:00:00-04:00,2026-08-14 17:00:00-04:00
15,2026-08-13,2026-08-14 13:45:00-04:00,2026-08-14 14:00:00-04:00,2026-08-14 14:15:00-04:00,bearish,30084.5,30050.0,30067.25,30091.75,30072.5,30079.25,30050.0,,False,2026-08-14 17:00:00-04:00,2026-08-14 17:00:00-04:00
15,2026-08-13,2026-08-14 14:15:00-04:00,2026-08-14 14:30:00-04:00,2026-08-14 14:45:00-04:00,bullish,30093.5,30065.0,30079.25,30090.25,30062.5,30087.25,30093.5,2026-08-14 14:50:00-04:00,True,2026-08-14 17:00:00-04:00,2026-08-14 17:00:00-04:00
15,2026-08-13,2026-08-14 14:30:00-04:00,2026-08-14 14:45:00-04:00,2026-08-14 15:00:00-04:00,bearish,30090.25,30062.5,30076.375,30104.0,30078.0,30088.25,30062.5,,False,2026-08-14 17:00:00-04:00,2026-08-14 17:00:00-04:00
15,2026-08-13,2026-08-14 14:45:00-04:00,2026-08-14 15:00:00-04:00,2026-08-14 15:15:00-04:00,bullish,30104.0,30078.0,30091.0,30094.75,30073.0,30083.25,30104.0,2026-08-14 15:34:00-04:00,True,2026-08-14 17:00:00-04:00,2026-08-14 17:00:00-04:00
15,2026-08-13,2026-08-14 15:45:00-04:00,2026-08-14 16:00:00-04:00,2026-08-14 16:15:00-04:00,bearish,30148.0,30101.0,30124.5,30153.0,30130.0,30133.0,30101.0,,False,2026-08-14 17:00:00-04:00,2026-08-14 17:00:00-04:00
15,2026-08-13,2026-08-14 16:00:00-04:00,2026-08-14 16:15:00-04:00,2026-08-14 16:30:00-04:00,bullish,30153.0,30130.0,30141.5,30135.25,30126.5,30131.25,30153.0,2026-08-14 16:59:00-04:00,True,2026-08-14 17:00:00-04:00,2026-08-14 17:00:00-04:00
15,2026-08-16,2026-08-16 18:15:00-04:00,2026-08-16 18:30:00-04:00,2026-08-16 18:45:00-04:00,bullish,30201.25,30189.75,30195.5,30196.5,30189.0,30191.25,30201.25,2026-08-16 18:47:00-04:00,True,2026-08-17 17:00:00-04:00,2026-08-17 17:00:00-04:00
15,2026-08-16,2026-08-16 19:00:00-04:00,2026-08-16 19:15:00-04:00,2026-08-16 19:30:00-04:00,bullish,30207.25,30195.0,30201.125,30204.5,30191.5,30197.75,30207.25,2026-08-16 19:45:00-04:00,True,2026-08-17 17:00:00-04:00,2026-08-17 17:00:00-04:00
15,2026-08-16,2026-08-16 20:15:00-04:00,2026-08-16 20:30:00-04:00,2026-08-16 20:45:00-04:00,bullish,30219.25,30189.5,30204.375,30198.25,30185.25,30190.25,30219.25,2026-08-16 21:01:00-04:00,True,2026-08-17 17:00:00-04:00,2026-08-17 17:00:00-04:00
15,2026-08-16,2026-08-16 21:00:00-04:00,2026-08-16 21:15:00-04:00,2026-08-16 21:30:00-04:00,bearish,30237.25,30200.0,30218.625,30245.0,30204.0,30229.5,30200.0,2026-08-16 21:34:00-04:00,True,2026-08-17 17:00:00-04:00,2026-08-17 17:00:00-04:00
15,2026-08-16,2026-08-16 21:30:00-04:00,2026-08-16 21:45:00-04:00,2026-08-16 22:00:00-04:00,bullish,30232.75,30191.0,30211.875,30203.0,30186.5,30192.0,30232.75,2026-08-16 23:09:00-04:00,True,2026-08-17 17:00:00-04:00,2026-08-17 17:00:00-04:00
15,2026-08-16,2026-08-16 21:45:00-04:00,2026-08-16 22:00:00-04:00,2026-08-16 22:15:00-04:00,bullish,30203.0,30186.5,30194.75,30201.5,30185.75,30200.75,30203.0,2026-08-16 22:17:00-04:00,True,2026-08-17 17:00:00-04:00,2026-08-17 17:00:00-04:00
15,2026-08-16,2026-08-16 22:15:00-04:00,2026-08-16 22:30:00-04:00,2026-08-16 22:45:00-04:00,bearish,30222.25,30197.75,30210.0,30225.75,30211.25,30221.5,30197.75,2026-08-17 08:39:00-04:00,True,2026-08-17 17:00:00-04:00,2026-08-17 17:00:00-04:00
15,2026-08-16,2026-08-16 22:30:00-04:00,2026-08-16 22:45:00-04:00,2026-08-16 23:00:00-04:00,bearish,30225.75,30211.25,30218.5,30231.0,30219.75,30221.75,30211.25,2026-08-17 08:37:00-04:00,True,2026-08-17 17:00:00-04:00,2026-08-17 17:00:00-04:00
15,2026-08-16,2026-08-16 22:45:00-04:00,2026-08-16 23:00:00-04:00,2026-08-16 23:15:00-04:00,bearish,30231.0,30219.75,30225.375,30235.0,30221.25,30226.5,30219.75,2026-08-17 08:36:00-04:00,True,2026-08-17 17:00:00-04:00,2026-08-17 17:00:00-04:00
15,2026-08-16,2026-08-16 23:00:00-04:00,2026-08-16 23:15:00-04:00,2026-08-16 23:30:00-04:00,bearish,30235.0,30221.25,30228.125,30235.75,30226.0,30234.0,30221.25,2026-08-17 08:26:00-04:00,True,2026-08-17 17:00:00-04:00,2026-08-17 17:00:00-04:00
15,2026-08-16,2026-08-17 00:15:00-04:00,2026-08-17 00:30:00-04:00,2026-08-17 00:45:00-04:00,bullish,30251.25,30240.0,30245.625,30244.75,30234.0,30244.75,30251.25,2026-08-17 01:30:00-04:00,True,2026-08-17 17:00:00-04:00,2026-08-17 17:00:00-04:00
15,2026-08-16,2026-08-17 01:00:00-04:00,2026-08-17 01:15:00-04:00,2026-08-17 01:30:00-04:00,bullish,30247.0,30234.25,30240.625,30246.5,30230.25,30244.25,30247.0,2026-08-17 01:30:00-04:00,True,2026-08-17 17:00:00-04:00,2026-08-17 17:00:00-04:00
15,2026-08-16,2026-08-17 03:00:00-04:00,2026-08-17 03:15:00-04:00,2026-08-17 03:30:00-04:00,bullish,30331.75,30273.75,30302.75,30280.5,30260.0,30280.0,30331.75,2026-08-17 06:29:00-04:00,True,2026-08-17 17:00:00-04:00,2026-08-17 17:00:00-04:00
15,2026-08-16,2026-08-17 04:30:00-04:00,2026-08-17 04:45:00-04:00,2026-08-17 05:00:00-04:00,bullish,30319.5,30287.5,30303.5,30306.0,30283.75,30298.25,30319.5,2026-08-17 06:29:00-04:00,True,2026-08-17 17:00:00-04:00,2026-08-17 17:00:00-04:00
15,2026-08-16,2026-08-17 05:30:00-04:00,2026-08-17 05:45:00-04:00,2026-08-17 06:00:00-04:00,bearish,30283.0,30267.5,30275.25,30291.5,30276.25,30281.0,30267.5,2026-08-17 08:04:00-04:00,True,2026-08-17 17:00:00-04:00,2026-08-17 17:00:00-04:00
15,2026-08-16,2026-08-17 07:00:00-04:00,2026-08-17 07:15:00-04:00,2026-08-17 07:30:00-04:00,bullish,30325.25,30295.75,30310.5,30307.25,30284.0,30299.25,30325.25,,False,2026-08-17 17:00:00-04:00,2026-08-17 17:00:00-04:00
15,2026-08-16,2026-08-17 08:30:00-04:00,2026-08-17 08:45:00-04:00,2026-08-17 09:00:00-04:00,bullish,30250.25,30183.0,30216.625,30213.5,30180.0,30202.0,30250.25,2026-08-17 09:30:00-04:00,True,2026-08-17 17:00:00-04:00,2026-08-17 17:00:00-04:00
15,2026-08-16,2026-08-17 09:00:00-04:00,2026-08-17 09:15:00-04:00,2026-08-17 09:30:00-04:00,bearish,30227.5,30198.75,30213.125,30238.25,30205.25,30218.75,30198.75,2026-08-17 09:33:00-04:00,True,2026-08-17 17:00:00-04:00,2026-08-17 17:00:00-04:00
15,2026-08-16,2026-08-17 09:45:00-04:00,2026-08-17 10:00:00-04:00,2026-08-17 10:15:00-04:00,bullish,30254.75,30174.25,30214.5,30244.25,30160.5,30224.75,30254.75,2026-08-17 11:03:00-04:00,True,2026-08-17 17:00:00-04:00,2026-08-17 17:00:00-04:00
15,2026-08-16,2026-08-17 10:00:00-04:00,2026-08-17 10:15:00-04:00,2026-08-17 10:30:00-04:00,bullish,30244.25,30160.5,30202.375,30225.75,30156.5,30197.0,30244.25,2026-08-17 10:58:00-04:00,True,2026-08-17 17:00:00-04:00,2026-08-17 17:00:00-04:00
15,2026-08-16,2026-08-17 12:00:00-04:00,2026-08-17 12:15:00-04:00,2026-08-17 12:30:00-04:00,bullish,30243.75,30200.0,30221.875,30218.5,30195.0,30207.0,30243.75,,False,2026-08-17 17:00:00-04:00,2026-08-17 17:00:00-04:00
15,2026-08-16,2026-08-17 12:30:00-04:00,2026-08-17 12:45:00-04:00,2026-08-17 13:00:00-04:00,bullish,30213.0,30182.25,30197.625,30193.25,30175.25,30183.5,30213.0,,False,2026-08-17 17:00:00-04:00,2026-08-17 17:00:00-04:00
15,2026-08-16,2026-08-17 13:15:00-04:00,2026-08-17 13:30:00-04:00,2026-08-17 13:45:00-04:00,bullish,30142.25,30093.5,30117.875,30128.5,30086.25,30123.25,30142.25,,False,2026-08-17 17:00:00-04:00,2026-08-17 17:00:00-04:00
15,2026-08-16,2026-08-17 13:45:00-04:00,2026-08-17 14:00:00-04:00,2026-08-17 14:15:00-04:00,bullish,30127.75,30096.5,30112.125,30114.5,30079.0,30100.25,30127.75,2026-08-17 14:51:00-04:00,True,2026-08-17 17:00:00-04:00,2026-08-17 17:00:00-04:00
15,2026-08-16,2026-08-17 15:00:00-04:00,2026-08-17 15:15:00-04:00,2026-08-17 15:30:00-04:00,bullish,30124.25,30083.5,30103.875,30114.25,30082.0,30093.25,30124.25,,False,2026-08-17 17:00:00-04:00,2026-08-17 17:00:00-04:00
15,2026-08-16,2026-08-17 16:00:00-04:00,2026-08-17 16:15:00-04:00,2026-08-17 16:30:00-04:00,bullish,30097.75,30069.75,30083.75,30082.25,30068.5,30078.25,30097.75,,False,2026-08-17 17:00:00-04:00,2026-08-17 17:00:00-04:00
15,2026-08-17,2026-08-17 18:00:00-04:00,2026-08-17 18:15:00-04:00,2026-08-17 18:30:00-04:00,bullish,30091.5,30069.75,30080.625,30087.0,30062.0,30076.0,30091.5,2026-08-17 19:31:00-04:00,True,2026-08-18 17:00:00-04:00,2026-08-18 17:00:00-04:00
15,2026-08-17,2026-08-17 18:45:00-04:00,2026-08-17 19:00:00-04:00,2026-08-17 19:15:00-04:00,bearish,30083.75,30069.25,30076.5,30087.5,30070.0,30081.5,30069.25,2026-08-17 21:40:00-04:00,True,2026-08-18 17:00:00-04:00,2026-08-18 17:00:00-04:00
15,2026-08-17,2026-08-17 19:00:00-04:00,2026-08-17 19:15:00-04:00,2026-08-17 19:30:00-04:00,bearish,30087.5,30070.0,30078.75,30089.75,30071.5,30084.0,30070.0,2026-08-17 21:40:00-04:00,True,2026-08-18 17:00:00-04:00,2026-08-18 17:00:00-04:00
15,2026-08-17,2026-08-17 19:30:00-04:00,2026-08-17 19:45:00-04:00,2026-08-17 20:00:00-04:00,bullish,30101.25,30081.75,30091.5,30100.5,30080.5,30095.0,30101.25,2026-08-17 20:02:00-04:00,True,2026-08-18 17:00:00-04:00,2026-08-18 17:00:00-04:00
15,2026-08-17,2026-08-17 19:45:00-04:00,2026-08-17 20:00:00-04:00,2026-08-17 20:15:00-04:00,bearish,30100.5,30080.5,30090.5,30104.0,30081.5,30100.25,30080.5,2026-08-17 21:25:00-04:00,True,2026-08-18 17:00:00-04:00,2026-08-18 17:00:00-04:00
15,2026-08-17,2026-08-17 20:00:00-04:00,2026-08-17 20:15:00-04:00,2026-08-17 20:30:00-04:00,bearish,30104.0,30081.5,30092.75,30114.25,30091.25,30101.25,30081.5,2026-08-17 21:25:00-04:00,True,2026-08-18 17:00:00-04:00,2026-08-18 17:00:00-04:00
15,2026-08-17,2026-08-17 20:45:00-04:00,2026-08-17 21:00:00-04:00,2026-08-17 21:15:00-04:00,bullish,30124.25,30095.0,30109.625,30110.0,30089.5,30109.75,30124.25,,False,2026-08-18 17:00:00-04:00,2026-08-18 17:00:00-04:00
15,2026-08-17,2026-08-17 22:30:00-04:00,2026-08-17 22:45:00-04:00,2026-08-17 23:00:00-04:00,bullish,29959.5,29906.0,29932.75,29921.0,29879.25,29908.5,29959.5,,False,2026-08-18 17:00:00-04:00,2026-08-18 17:00:00-04:00
15,2026-08-17,2026-08-17 23:30:00-04:00,2026-08-17 23:45:00-04:00,2026-08-18 00:00:00-04:00,bearish,29898.0,29853.0,29875.5,29915.0,29881.75,29893.0,29853.0,2026-08-18 01:58:00-04:00,True,2026-08-18 17:00:00-04:00,2026-08-18 17:00:00-04:00
15,2026-08-17,2026-08-17 23:45:00-04:00,2026-08-18 00:00:00-04:00,2026-08-18 00:15:00-04:00,bullish,29915.0,29881.75,29898.375,29899.75,29870.0,29897.75,29915.0,2026-08-18 00:29:00-04:00,True,2026-08-18 17:00:00-04:00,2026-08-18 17:00:00-04:00
15,2026-08-17,2026-08-18 00:15:00-04:00,2026-08-18 00:30:00-04:00,2026-08-18 00:45:00-04:00,bearish,29920.0,29878.75,29899.375,29921.25,29891.5,29901.0,29878.75,2026-08-18 01:03:00-04:00,True,2026-08-18 17:00:00-04:00,2026-08-18 17:00:00-04:00
15,2026-08-17,2026-08-18 00:30:00-04:00,2026-08-18 00:45:00-04:00,2026-08-18 01:00:00-04:00,bearish,29921.25,29891.5,29906.375,29927.75,29895.25,29917.75,29891.5,2026-08-18 01:02:00-04:00,True,2026-08-18 17:00:00-04:00,2026-08-18 17:00:00-04:00
15,2026-08-17,2026-08-18 01:45:00-04:00,2026-08-18 02:00:00-04:00,2026-08-18 02:15:00-04:00,bullish,29881.5,29820.0,29850.75,29845.0,29785.5,29835.75,29881.5,2026-08-18 02:58:00-04:00,True,2026-08-18 17:00:00-04:00,2026-08-18 17:00:00-04:00
15,2026-08-17,2026-08-18 02:15:00-04:00,2026-08-18 02:30:00-04:00,2026-08-18 02:45:00-04:00,bearish,29866.75,29820.0,29843.375,29876.5,29852.25,29866.0,29820.0,2026-08-18 03:53:00-04:00,True,2026-08-18 17:00:00-04:00,2026-08-18 17:00:00-04:00
15,2026-08-17,2026-08-18 04:00:00-04:00,2026-08-18 04:15:00-04:00,2026-08-18 04:30:00-04:00,bullish,29814.25,29737.5,29775.875,29785.5,29735.0,29758.25,29814.25,,False,2026-08-18 17:00:00-04:00,2026-08-18 17:00:00-04:00
15,2026-08-17,2026-08-18 04:15:00-04:00,2026-08-18 04:30:00-04:00,2026-08-18 04:45:00-04:00,bearish,29785.5,29735.0,29760.25,29793.0,29747.75,29782.25,29735.0,2026-08-18 05:21:00-04:00,True,2026-08-18 17:00:00-04:00,2026-08-18 17:00:00-04:00
15,2026-08-17,2026-08-18 04:30:00-04:00,2026-08-18 04:45:00-04:00,2026-08-18 05:00:00-04:00,bullish,29793.0,29747.75,29770.375,29783.0,29743.0,29766.75,29793.0,,False,2026-08-18 17:00:00-04:00,2026-08-18 17:00:00-04:00
15,2026-08-17,2026-08-18 05:30:00-04:00,2026-08-18 05:45:00-04:00,2026-08-18 06:00:00-04:00,bullish,29741.75,29698.5,29720.125,29737.5,29687.0,29733.0,29741.75,2026-08-18 06:03:00-04:00,True,2026-08-18 17:00:00-04:00,2026-08-18 17:00:00-04:00
15,2026-08-17,2026-08-18 05:45:00-04:00,2026-08-18 06:00:00-04:00,2026-08-18 06:15:00-04:00,bearish,29737.5,29687.0,29712.25,29743.0,29715.75,29722.0,29687.0,2026-08-18 08:37:00-04:00,True,2026-08-18 17:00:00-04:00,2026-08-18 17:00:00-04:00
15,2026-08-17,2026-08-18 06:15:00-04:00,2026-08-18 06:30:00-04:00,2026-08-18 06:45:00-04:00,bearish,29745.75,29704.0,29724.875,29747.0,29720.5,29728.0,29704.0,2026-08-18 08:30:00-04:00,True,2026-08-18 17:00:00-04:00,2026-08-18 17:00:00-04:00
15,2026-08-17,2026-08-18 06:30:00-04:00,2026-08-18 06:45:00-04:00,2026-08-18 07:00:00-04:00,bearish,29747.0,29720.5,29733.75,29753.0,29720.5,29739.0,29720.5,2026-08-18 08:25:00-04:00,True,2026-08-18 17:00:00-04:00,2026-08-18 17:00:00-04:00
15,2026-08-17,2026-08-18 07:00:00-04:00,2026-08-18 07:15:00-04:00,2026-08-18 07:30:00-04:00,bearish,29772.5,29730.25,29751.375,29774.25,29753.5,29757.5,29730.25,2026-08-18 07:39:00-04:00,True,2026-08-18 17:00:00-04:00,2026-08-18 17:00:00-04:00
15,2026-08-17,2026-08-18 07:15:00-04:00,2026-08-18 07:30:00-04:00,2026-08-18 07:45:00-04:00,bullish,29774.25,29753.5,29763.875,29760.5,29727.0,29755.0,29774.25,2026-08-18 08:04:00-04:00,True,2026-08-18 17:00:00-04:00,2026-08-18 17:00:00-04:00
15,2026-08-17,2026-08-18 07:30:00-04:00,2026-08-18 07:45:00-04:00,2026-08-18 08:00:00-04:00,bearish,29760.5,29727.0,29743.75,29774.0,29744.75,29747.5,29727.0,2026-08-18 08:11:00-04:00,True,2026-08-18 17:00:00-04:00,2026-08-18 17:00:00-04:00
15,2026-08-17,2026-08-18 08:30:00-04:00,2026-08-18 08:45:00-04:00,2026-08-18 09:00:00-04:00,bullish,29723.75,29685.5,29704.625,29721.25,29680.75,29714.0,29723.75,2026-08-18 09:01:00-04:00,True,2026-08-18 17:00:00-04:00,2026-08-18 17:00:00-04:00
15,2026-08-17,2026-08-18 08:45:00-04:00,2026-08-18 09:00:00-04:00,2026-08-18 09:15:00-04:00,bearish,29721.25,29680.75,29701.0,29726.75,29690.25,29696.25,29680.75,2026-08-18 09:26:00-04:00,True,2026-08-18 17:00:00-04:00,2026-08-18 17:00:00-04:00
15,2026-08-17,2026-08-18 09:00:00-04:00,2026-08-18 09:15:00-04:00,2026-08-18 09:30:00-04:00,bullish,29726.75,29690.25,29708.5,29709.25,29675.0,29690.75,29726.75,2026-08-18 09:31:00-04:00,True,2026-08-18 17:00:00-04:00,2026-08-18 17:00:00-04:00
15,2026-08-17,2026-08-18 09:30:00-04:00,2026-08-18 09:45:00-04:00,2026-08-18 10:00:00-04:00,bullish,29770.0,29631.0,29700.5,29700.5,29605.0,29647.5,29770.0,,False,2026-08-18 17:00:00-04:00,2026-08-18 17:00:00-04:00
15,2026-08-17,2026-08-18 10:15:00-04:00,2026-08-18 10:30:00-04:00,2026-08-18 10:45:00-04:00,bearish,29684.5,29577.75,29631.125,29691.0,29612.5,29613.25,29577.75,2026-08-18 10:53:00-04:00,True,2026-08-18 17:00:00-04:00,2026-08-18 17:00:00-04:00
15,2026-08-17,2026-08-18 10:45:00-04:00,2026-08-18 11:00:00-04:00,2026-08-18 11:15:00-04:00,bullish,29625.0,29536.75,29580.875,29571.25,29514.0,29546.75,29625.0,2026-08-18 11:47:00-04:00,True,2026-08-18 17:00:00-04:00,2026-08-18 17:00:00-04:00
15,2026-08-17,2026-08-18 11:15:00-04:00,2026-08-18 11:30:00-04:00,2026-08-18 11:45:00-04:00,bearish,29600.25,29531.75,29566.0,29610.0,29565.5,29598.5,29531.75,,False,2026-08-18 17:00:00-04:00,2026-08-18 17:00:00-04:00
15,2026-08-17,2026-08-18 12:15:00-04:00,2026-08-18 12:30:00-04:00,2026-08-18 12:45:00-04:00,bullish,29657.25,29609.25,29633.25,29650.0,29603.5,29629.75,29657.25,2026-08-18 12:48:00-04:00,True,2026-08-18 17:00:00-04:00,2026-08-18 17:00:00-04:00
15,2026-08-17,2026-08-18 12:45:00-04:00,2026-08-18 13:00:00-04:00,2026-08-18 13:15:00-04:00,bullish,29671.0,29619.0,29645.0,29661.25,29618.25,29635.25,29671.0,,False,2026-08-18 17:00:00-04:00,2026-08-18 17:00:00-04:00
15,2026-08-17,2026-08-18 13:15:00-04:00,2026-08-18 13:30:00-04:00,2026-08-18 13:45:00-04:00,bullish,29635.75,29593.0,29614.375,29622.0,29591.5,29603.75,29635.75,,False,2026-08-18 17:00:00-04:00,2026-08-18 17:00:00-04:00
15,2026-08-17,2026-08-18 13:45:00-04:00,2026-08-18 14:00:00-04:00,2026-08-18 14:15:00-04:00,bullish,29615.0,29565.5,29590.25,29580.5,29547.25,29575.25,29615.0,,False,2026-08-18 17:00:00-04:00,2026-08-18 17:00:00-04:00
15,2026-08-17,2026-08-18 14:45:00-04:00,2026-08-18 15:00:00-04:00,2026-08-18 15:15:00-04:00,bullish,29597.75,29565.5,29581.625,29586.25,29564.5,29572.0,29597.75,2026-08-18 15:26:00-04:00,True,2026-08-18 17:00:00-04:00,2026-08-18 17:00:00-04:00
15,2026-08-17,2026-08-18 16:00:00-04:00,2026-08-18 16:15:00-04:00,2026-08-18 16:30:00-04:00,bullish,29597.25,29566.0,29581.625,29580.75,29561.0,29578.5,29597.25,,False,2026-08-18 17:00:00-04:00,2026-08-18 17:00:00-04:00
15,2026-08-17,2026-08-18 16:15:00-04:00,2026-08-18 16:30:00-04:00,2026-08-18 16:45:00-04:00,bearish,29580.75,29561.0,29570.875,29586.0,29573.5,29577.25,29561.0,2026-08-18 16:47:00-04:00,True,2026-08-18 17:00:00-04:00,2026-08-18 17:00:00-04:00
15,2026-08-18,2026-08-18 19:30:00-04:00,2026-08-18 19:45:00-04:00,2026-08-18 20:00:00-04:00,bearish,29549.5,29521.0,29535.25,29554.25,29524.5,29528.25,29521.0,2026-08-18 20:00:00-04:00,True,2026-08-19 17:00:00-04:00,2026-08-19 17:00:00-04:00
15,2026-08-18,2026-08-18 20:30:00-04:00,2026-08-18 20:45:00-04:00,2026-08-18 21:00:00-04:00,bearish,29575.75,29529.5,29552.625,29586.25,29533.5,29541.0,29529.5,2026-08-18 22:13:00-04:00,True,2026-08-19 17:00:00-04:00,2026-08-19 17:00:00-04:00
15,2026-08-18,2026-08-18 21:15:00-04:00,2026-08-18 21:30:00-04:00,2026-08-18 21:45:00-04:00,bullish,29609.75,29569.25,29589.5,29605.0,29563.5,29576.5,29609.75,2026-08-19 04:01:00-04:00,True,2026-08-19 17:00:00-04:00,2026-08-19 17:00:00-04:00
15,2026-08-18,2026-08-18 21:30:00-04:00,2026-08-18 21:45:00-04:00,2026-08-18 22:00:00-04:00,bullish,29605.0,29563.5,29584.25,29584.0,29562.5,29577.5,29605.0,2026-08-19 03:58:00-04:00,True,2026-08-19 17:00:00-04:00,2026-08-19 17:00:00-04:00
15,2026-08-18,2026-08-18 22:00:00-04:00,2026-08-18 22:15:00-04:00,2026-08-18 22:30:00-04:00,bullish,29583.75,29525.75,29554.75,29564.0,29520.5,29543.0,29583.75,2026-08-19 03:30:00-04:00,True,2026-08-19 17:00:00-04:00,2026-08-19 17:00:00-04:00
15,2026-08-18,2026-08-18 22:15:00-04:00,2026-08-18 22:30:00-04:00,2026-08-18 22:45:00-04:00,bullish,29564.0,29520.5,29542.25,29546.5,29510.0,29523.25,29564.0,2026-08-18 23:37:00-04:00,True,2026-08-19 17:00:00-04:00,2026-08-19 17:00:00-04:00
15,2026-08-18,2026-08-18 22:45:00-04:00,2026-08-18 23:00:00-04:00,2026-08-18 23:15:00-04:00,bearish,29543.75,29517.75,29530.75,29555.0,29520.0,29531.0,29517.75,2026-08-18 23:45:00-04:00,True,2026-08-19 17:00:00-04:00,2026-08-19 17:00:00-04:00
15,2026-08-18,2026-08-18 23:00:00-04:00,2026-08-18 23:15:00-04:00,2026-08-18 23:30:00-04:00,bullish,29555.0,29520.0,29537.5,29551.0,29519.5,29534.25,29555.0,2026-08-18 23:36:00-04:00,True,2026-08-19 17:00:00-04:00,2026-08-19 17:00:00-04:00
15,2026-08-18,2026-08-18 23:15:00-04:00,2026-08-18 23:30:00-04:00,2026-08-18 23:45:00-04:00,bearish,29551.0,29519.5,29535.25,29567.5,29528.75,29531.0,29519.5,2026-08-18 23:45:00-04:00,True,2026-08-19 17:00:00-04:00,2026-08-19 17:00:00-04:00
15,2026-08-18,2026-08-18 23:45:00-04:00,2026-08-19 00:00:00-04:00,2026-08-19 00:15:00-04:00,bullish,29545.75,29516.25,29531.0,29529.75,29504.75,29516.5,29545.75,2026-08-19 02:55:00-04:00,True,2026-08-19 17:00:00-04:00,2026-08-19 17:00:00-04:00
15,2026-08-18,2026-08-19 00:30:00-04:00,2026-08-19 00:45:00-04:00,2026-08-19 01:00:00-04:00,bullish,29541.0,29496.5,29518.75,29507.25,29464.0,29505.75,29541.0,2026-08-19 02:54:00-04:00,True,2026-08-19 17:00:00-04:00,2026-08-19 17:00:00-04:00
15,2026-08-18,2026-08-19 00:45:00-04:00,2026-08-19 01:00:00-04:00,2026-08-19 01:15:00-04:00,bearish,29507.25,29464.0,29485.625,29535.0,29482.0,29489.0,29464.0,2026-08-19 01:40:00-04:00,True,2026-08-19 17:00:00-04:00,2026-08-19 17:00:00-04:00
15,2026-08-18,2026-08-19 01:00:00-04:00,2026-08-19 01:15:00-04:00,2026-08-19 01:30:00-04:00,bullish,29535.0,29482.0,29508.5,29510.0,29466.0,29508.5,29535.0,2026-08-19 02:53:00-04:00,True,2026-08-19 17:00:00-04:00,2026-08-19 17:00:00-04:00
15,2026-08-18,2026-08-19 02:45:00-04:00,2026-08-19 03:00:00-04:00,2026-08-19 03:15:00-04:00,bearish,29561.75,29491.0,29526.375,29563.75,29520.25,29558.75,29491.0,2026-08-19 09:49:00-04:00,True,2026-08-19 17:00:00-04:00,2026-08-19 17:00:00-04:00
15,2026-08-18,2026-08-19 03:15:00-04:00,2026-08-19 03:30:00-04:00,2026-08-19 03:45:00-04:00,bearish,29578.75,29533.0,29555.875,29589.75,29546.75,29571.0,29533.0,2026-08-19 06:02:00-04:00,True,2026-08-19 17:00:00-04:00,2026-08-19 17:00:00-04:00
15,2026-08-18,2026-08-19 04:15:00-04:00,2026-08-19 04:30:00-04:00,2026-08-19 04:45:00-04:00,bullish,29639.5,29607.5,29623.5,29632.5,29600.0,29626.25,29639.5,2026-08-19 08:37:00-04:00,True,2026-08-19 17:00:00-04:00,2026-08-19 17:00:00-04:00
15,2026-08-18,2026-08-19 04:30:00-04:00,2026-08-19 04:45:00-04:00,2026-08-19 05:00:00-04:00,bearish,29632.5,29600.0,29616.25,29633.0,29607.0,29607.5,29600.0,2026-08-19 05:06:00-04:00,True,2026-08-19 17:00:00-04:00,2026-08-19 17:00:00-04:00
15,2026-08-18,2026-08-19 05:30:00-04:00,2026-08-19 05:45:00-04:00,2026-08-19 06:00:00-04:00,bullish,29589.0,29549.75,29569.375,29563.0,29536.25,29554.0,29589.0,2026-08-19 08:33:00-04:00,True,2026-08-19 17:00:00-04:00,2026-08-19 17:00:00-04:00
15,2026-08-18,2026-08-19 05:45:00-04:00,2026-08-19 06:00:00-04:00,2026-08-19 06:15:00-04:00,bullish,29563.0,29536.25,29549.625,29558.0,29510.5,29540.0,29563.0,2026-08-19 07:04:00-04:00,True,2026-08-19 17:00:00-04:00,2026-08-19 17:00:00-04:00
15,2026-08-18,2026-08-19 06:00:00-04:00,2026-08-19 06:15:00-04:00,2026-08-19 06:30:00-04:00,bullish,29558.0,29510.5,29534.25,29541.0,29504.25,29535.75,29558.0,2026-08-19 06:38:00-04:00,True,2026-08-19 17:00:00-04:00,2026-08-19 17:00:00-04:00
15,2026-08-18,2026-08-19 07:30:00-04:00,2026-08-19 07:45:00-04:00,2026-08-19 08:00:00-04:00,bullish,29541.5,29507.5,29524.5,29537.5,29506.5,29536.0,29541.5,2026-08-19 08:01:00-04:00,True,2026-08-19 17:00:00-04:00,2026-08-19 17:00:00-04:00
15,2026-08-18,2026-08-19 08:45:00-04:00,2026-08-19 09:00:00-04:00,2026-08-19 09:15:00-04:00,bullish,29759.0,29683.25,29721.125,29742.25,29679.75,29722.75,29759.0,,False,2026-08-19 17:00:00-04:00,2026-08-19 17:00:00-04:00
15,2026-08-18,2026-08-19 09:00:00-04:00,2026-08-19 09:15:00-04:00,2026-08-19 09:30:00-04:00,bearish,29742.25,29679.75,29711.0,29748.25,29695.25,29696.25,29679.75,2026-08-19 09:30:00-04:00,True,2026-08-19 17:00:00-04:00,2026-08-19 17:00:00-04:00
15,2026-08-18,2026-08-19 10:00:00-04:00,2026-08-19 10:15:00-04:00,2026-08-19 10:30:00-04:00,bullish,29514.75,29377.0,29445.875,29484.75,29375.75,29482.75,29514.75,2026-08-19 10:33:00-04:00,True,2026-08-19 17:00:00-04:00,2026-08-19 17:00:00-04:00
15,2026-08-18,2026-08-19 10:45:00-04:00,2026-08-19 11:00:00-04:00,2026-08-19 11:15:00-04:00,bearish,29624.25,29527.0,29575.625,29629.75,29579.75,29616.75,29527.0,2026-08-19 13:19:00-04:00,True,2026-08-19 17:00:00-04:00,2026-08-19 17:00:00-04:00
15,2026-08-18,2026-08-19 11:00:00-04:00,2026-08-19 11:15:00-04:00,2026-08-19 11:30:00-04:00,bearish,29629.75,29579.75,29604.75,29631.75,29588.5,29613.5,29579.75,2026-08-19 11:36:00-04:00,True,2026-08-19 17:00:00-04:00,2026-08-19 17:00:00-04:00
15,2026-08-18,2026-08-19 11:15:00-04:00,2026-08-19 11:30:00-04:00,2026-08-19 11:45:00-04:00,bullish,29631.75,29588.5,29610.125,29617.0,29550.5,29597.0,29631.75,2026-08-19 12:02:00-04:00,True,2026-08-19 17:00:00-04:00,2026-08-19 17:00:00-04:00
15,2026-08-18,2026-08-19 12:00:00-04:00,2026-08-19 12:15:00-04:00,2026-08-19 12:30:00-04:00,bearish,29653.75,29587.5,29620.625,29667.25,29602.5,29609.25,29587.5,2026-08-19 12:49:00-04:00,True,2026-08-19 17:00:00-04:00,2026-08-19 17:00:00-04:00
15,2026-08-18,2026-08-19 12:15:00-04:00,2026-08-19 12:30:00-04:00,2026-08-19 12:45:00-04:00,bullish,29667.25,29602.5,29634.875,29621.75,29593.0,29610.0,29667.25,,False,2026-08-19 17:00:00-04:00,2026-08-19 17:00:00-04:00
15,2026-08-18,2026-08-19 13:00:00-04:00,2026-08-19 13:15:00-04:00,2026-08-19 13:30:00-04:00,bullish,29572.75,29539.5,29556.125,29556.75,29510.25,29539.75,29572.75,2026-08-19 14:01:00-04:00,True,2026-08-19 17:00:00-04:00,2026-08-19 17:00:00-04:00
15,2026-08-18,2026-08-19 13:30:00-04:00,2026-08-19 13:45:00-04:00,2026-08-19 14:00:00-04:00,bearish,29545.25,29514.5,29529.875,29560.5,29533.75,29545.0,29514.5,2026-08-19 14:07:00-04:00,True,2026-08-19 17:00:00-04:00,2026-08-19 17:00:00-04:00
15,2026-08-18,2026-08-19 14:00:00-04:00,2026-08-19 14:15:00-04:00,2026-08-19 14:30:00-04:00,bullish,29591.75,29493.0,29542.375,29540.5,29491.75,29539.25,29591.75,,False,2026-08-19 17:00:00-04:00,2026-08-19 17:00:00-04:00
15,2026-08-18,2026-08-19 15:00:00-04:00,2026-08-19 15:15:00-04:00,2026-08-19 15:30:00-04:00,bearish,29559.25,29529.25,29544.25,29579.75,29543.25,29556.0,29529.25,2026-08-19 15:43:00-04:00,True,2026-08-19 17:00:00-04:00,2026-08-19 17:00:00-04:00
15,2026-08-18,2026-08-19 15:45:00-04:00,2026-08-19 16:00:00-04:00,2026-08-19 16:15:00-04:00,bearish,29532.75,29485.0,29508.875,29542.25,29517.75,29519.25,29485.0,,False,2026-08-19 17:00:00-04:00,2026-08-19 17:00:00-04:00
15,2026-08-18,2026-08-19 16:00:00-04:00,2026-08-19 16:15:00-04:00,2026-08-19 16:30:00-04:00,bullish,29542.25,29517.75,29530.0,29526.25,29514.25,29524.75,29542.25,2026-08-19 16:50:00-04:00,True,2026-08-19 17:00:00-04:00,2026-08-19 17:00:00-04:00
15,2026-08-19,2026-08-19 18:15:00-04:00,2026-08-19 18:30:00-04:00,2026-08-19 18:45:00-04:00,bearish,29633.0,29607.5,29620.25,29638.25,29613.0,29631.0,29607.5,2026-08-19 20:00:00-04:00,True,2026-08-20 17:00:00-04:00,2026-08-20 17:00:00-04:00
15,2026-08-19,2026-08-19 18:45:00-04:00,2026-08-19 19:00:00-04:00,2026-08-19 19:15:00-04:00,bearish,29653.75,29622.5,29638.125,29688.5,29632.25,29652.0,29622.5,2026-08-19 20:00:00-04:00,True,2026-08-20 17:00:00-04:00,2026-08-20 17:00:00-04:00
15,2026-08-19,2026-08-19 19:15:00-04:00,2026-08-19 19:30:00-04:00,2026-08-19 19:45:00-04:00,bearish,29661.75,29642.0,29651.875,29666.75,29643.5,29659.5,29642.0,2026-08-19 19:52:00-04:00,True,2026-08-20 17:00:00-04:00,2026-08-20 17:00:00-04:00
15,2026-08-19,2026-08-19 19:45:00-04:00,2026-08-19 20:00:00-04:00,2026-08-19 20:15:00-04:00,bullish,29662.0,29625.25,29643.625,29632.0,29581.25,29630.75,29662.0,2026-08-19 20:21:00-04:00,True,2026-08-20 17:00:00-04:00,2026-08-20 17:00:00-04:00
15,2026-08-19,2026-08-19 20:00:00-04:00,2026-08-19 20:15:00-04:00,2026-08-19 20:30:00-04:00,bearish,29632.0,29581.25,29606.625,29666.0,29624.5,29631.0,29581.25,2026-08-20 04:03:00-04:00,True,2026-08-20 17:00:00-04:00,2026-08-20 17:00:00-04:00
15,2026-08-19,2026-08-19 20:15:00-04:00,2026-08-19 20:30:00-04:00,2026-08-19 20:45:00-04:00,bullish,29666.0,29624.5,29645.25,29665.0,29616.75,29654.5,29666.0,2026-08-19 20:45:00-04:00,True,2026-08-20 17:00:00-04:00,2026-08-20 17:00:00-04:00
15,2026-08-19,2026-08-19 21:30:00-04:00,2026-08-19 21:45:00-04:00,2026-08-19 22:00:00-04:00,bearish,29671.25,29623.5,29647.375,29675.0,29630.25,29643.25,29623.5,2026-08-19 22:20:00-04:00,True,2026-08-20 17:00:00-04:00,2026-08-20 17:00:00-04:00
15,2026-08-19,2026-08-19 21:45:00-04:00,2026-08-19 22:00:00-04:00,2026-08-19 22:15:00-04:00,bearish,29675.0,29630.25,29652.625,29683.75,29640.0,29667.25,29630.25,2026-08-19 22:20:00-04:00,True,2026-08-20 17:00:00-04:00,2026-08-20 17:00:00-04:00
15,2026-08-19,2026-08-19 22:15:00-04:00,2026-08-19 22:30:00-04:00,2026-08-19 22:45:00-04:00,bullish,29670.0,29613.0,29641.5,29662.5,29609.0,29646.75,29670.0,2026-08-20 02:34:00-04:00,True,2026-08-20 17:00:00-04:00,2026-08-20 17:00:00-04:00
15,2026-08-19,2026-08-19 23:00:00-04:00,2026-08-19 23:15:00-04:00,2026-08-19 23:30:00-04:00,bearish,29655.25,29604.5,29629.875,29657.0,29620.75,29626.75,29604.5,2026-08-19 23:33:00-04:00,True,2026-08-20 17:00:00-04:00,2026-08-20 17:00:00-04:00
15,2026-08-19,2026-08-19 23:30:00-04:00,2026-08-19 23:45:00-04:00,2026-08-20 00:00:00-04:00,bearish,29629.25,29595.0,29612.125,29631.25,29610.0,29617.75,29595.0,2026-08-20 01:10:00-04:00,True,2026-08-20 17:00:00-04:00,2026-08-20 17:00:00-04:00
15,2026-08-19,2026-08-20 00:00:00-04:00,2026-08-20 00:15:00-04:00,2026-08-20 00:30:00-04:00,bearish,29655.25,29610.75,29633.0,29656.0,29635.5,29640.0,29610.75,2026-08-20 00:33:00-04:00,True,2026-08-20 17:00:00-04:00,2026-08-20 17:00:00-04:00
15,2026-08-19,2026-08-20 00:30:00-04:00,2026-08-20 00:45:00-04:00,2026-08-20 01:00:00-04:00,bearish,29640.75,29608.0,29624.375,29641.5,29611.75,29617.0,29608.0,2026-08-20 01:07:00-04:00,True,2026-08-20 17:00:00-04:00,2026-08-20 17:00:00-04:00
15,2026-08-19,2026-08-20 01:00:00-04:00,2026-08-20 01:15:00-04:00,2026-08-20 01:30:00-04:00,bearish,29623.75,29588.25,29606.0,29641.0,29594.0,29616.75,29588.25,2026-08-20 04:00:00-04:00,True,2026-08-20 17:00:00-04:00,2026-08-20 17:00:00-04:00
15,2026-08-19,2026-08-20 01:30:00-04:00,2026-08-20 01:45:00-04:00,2026-08-20 02:00:00-04:00,bullish,29635.0,29604.25,29619.625,29618.75,29598.0,29606.0,29635.0,2026-08-20 02:05:00-04:00,True,2026-08-20 17:00:00-04:00,2026-08-20 17:00:00-04:00
15,2026-08-19,2026-08-20 02:30:00-04:00,2026-08-20 02:45:00-04:00,2026-08-20 03:00:00-04:00,bearish,29677.5,29647.5,29662.5,29686.75,29666.75,29672.0,29647.5,2026-08-20 03:01:00-04:00,True,2026-08-20 17:00:00-04:00,2026-08-20 17:00:00-04:00
15,2026-08-19,2026-08-20 03:15:00-04:00,2026-08-20 03:30:00-04:00,2026-08-20 03:45:00-04:00,bullish,29648.25,29604.5,29626.375,29634.75,29595.75,29606.25,29648.25,,False,2026-08-20 17:00:00-04:00,2026-08-20 17:00:00-04:00
15,2026-08-19,2026-08-20 04:15:00-04:00,2026-08-20 04:30:00-04:00,2026-08-20 04:45:00-04:00,bullish,29549.0,29496.5,29522.75,29526.25,29464.5,29501.0,29549.0,2026-08-20 06:10:00-04:00,True,2026-08-20 17:00:00-04:00,2026-08-20 17:00:00-04:00
15,2026-08-19,2026-08-20 04:30:00-04:00,2026-08-20 04:45:00-04:00,2026-08-20 05:00:00-04:00,bullish,29526.25,29464.5,29495.375,29505.0,29455.25,29477.5,29526.25,2026-08-20 05:06:00-04:00,True,2026-08-20 17:00:00-04:00,2026-08-20 17:00:00-04:00
15,2026-08-19,2026-08-20 05:15:00-04:00,2026-08-20 05:30:00-04:00,2026-08-20 05:45:00-04:00,bullish,29542.75,29512.0,29527.375,29538.0,29507.5,29534.5,29542.75,2026-08-20 05:45:00-04:00,True,2026-08-20 17:00:00-04:00,2026-08-20 17:00:00-04:00
15,2026-08-19,2026-08-20 05:30:00-04:00,2026-08-20 05:45:00-04:00,2026-08-20 06:00:00-04:00,bearish,29538.0,29507.5,29522.75,29547.25,29513.0,29527.25,29507.5,2026-08-20 07:02:00-04:00,True,2026-08-20 17:00:00-04:00,2026-08-20 17:00:00-04:00
15,2026-08-19,2026-08-20 07:15:00-04:00,2026-08-20 07:30:00-04:00,2026-08-20 07:45:00-04:00,bullish,29498.5,29422.25,29460.375,29454.25,29417.25,29423.5,29498.5,,False,2026-08-20 17:00:00-04:00,2026-08-20 17:00:00-04:00
15,2026-08-19,2026-08-20 08:15:00-04:00,2026-08-20 08:30:00-04:00,2026-08-20 08:45:00-04:00,bullish,29306.0,29263.5,29284.75,29292.5,29240.25,29289.75,29306.0,2026-08-20 08:49:00-04:00,True,2026-08-20 17:00:00-04:00,2026-08-20 17:00:00-04:00
15,2026-08-19,2026-08-20 08:45:00-04:00,2026-08-20 09:00:00-04:00,2026-08-20 09:15:00-04:00,bearish,29350.75,29283.25,29317.0,29373.75,29333.0,29338.75,29283.25,2026-08-20 11:38:00-04:00,True,2026-08-20 17:00:00-04:00,2026-08-20 17:00:00-04:00
15,2026-08-19,2026-08-20 09:00:00-04:00,2026-08-20 09:15:00-04:00,2026-08-20 09:30:00-04:00,bullish,29373.75,29333.0,29353.375,29369.5,29324.0,29350.75,29373.75,2026-08-20 09:30:00-04:00,True,2026-08-20 17:00:00-04:00,2026-08-20 17:00:00-04:00
15,2026-08-19,2026-08-20 09:30:00-04:00,2026-08-20 09:45:00-04:00,2026-08-20 10:00:00-04:00,bullish,29470.25,29338.5,29404.375,29460.0,29309.25,29353.0,29470.25,,False,2026-08-20 17:00:00-04:00,2026-08-20 17:00:00-04:00
15,2026-08-19,2026-08-20 10:30:00-04:00,2026-08-20 10:45:00-04:00,2026-08-20 11:00:00-04:00,bearish,29430.0,29329.0,29379.5,29435.0,29348.5,29392.5,29329.0,2026-08-20 11:11:00-04:00,True,2026-08-20 17:00:00-04:00,2026-08-20 17:00:00-04:00
15,2026-08-19,2026-08-20 11:00:00-04:00,2026-08-20 11:15:00-04:00,2026-08-20 11:30:00-04:00,bullish,29457.25,29325.0,29391.125,29370.25,29300.0,29344.75,29457.25,,False,2026-08-20 17:00:00-04:00,2026-08-20 17:00:00-04:00
15,2026-08-19,2026-08-20 11:30:00-04:00,2026-08-20 11:45:00-04:00,2026-08-20 12:00:00-04:00,bullish,29350.25,29276.5,29313.375,29333.0,29269.25,29330.5,29350.25,2026-08-20 12:23:00-04:00,True,2026-08-20 17:00:00-04:00,2026-08-20 17:00:00-04:00
15,2026-08-19,2026-08-20 11:45:00-04:00,2026-08-20 12:00:00-04:00,2026-08-20 12:15:00-04:00,bearish,29333.0,29269.25,29301.125,29346.0,29302.5,29306.75,29269.25,2026-08-20 14:02:00-04:00,True,2026-08-20 17:00:00-04:00,2026-08-20 17:00:00-04:00
15,2026-08-19,2026-08-20 12:00:00-04:00,2026-08-20 12:15:00-04:00,2026-08-20 12:30:00-04:00,bearish,29346.0,29302.5,29324.25,29356.5,29305.25,29340.75,29302.5,2026-08-20 13:20:00-04:00,True,2026-08-20 17:00:00-04:00,2026-08-20 17:00:00-04:00
15,2026-08-19,2026-08-20 13:30:00-04:00,2026-08-20 13:45:00-04:00,2026-08-20 14:00:00-04:00,bearish,29304.25,29282.0,29293.125,29326.25,29287.0,29292.25,29282.0,2026-08-20 14:00:00-04:00,True,2026-08-20 17:00:00-04:00,2026-08-20 17:00:00-04:00
15,2026-08-19,2026-08-20 14:00:00-04:00,2026-08-20 14:15:00-04:00,2026-08-20 14:30:00-04:00,bullish,29292.75,29215.0,29253.875,29248.25,29202.5,29233.25,29292.75,2026-08-20 15:08:00-04:00,True,2026-08-20 17:00:00-04:00,2026-08-20 17:00:00-04:00
15,2026-08-19,2026-08-20 15:30:00-04:00,2026-08-20 15:45:00-04:00,2026-08-20 16:00:00-04:00,bullish,29335.5,29290.5,29313.0,29331.0,29286.25,29306.0,29335.5,,False,2026-08-20 17:00:00-04:00,2026-08-20 17:00:00-04:00
15,2026-08-19,2026-08-20 16:00:00-04:00,2026-08-20 16:15:00-04:00,2026-08-20 16:30:00-04:00,bullish,29321.0,29276.75,29298.875,29294.0,29263.5,29287.75,29321.0,,False,2026-08-20 17:00:00-04:00,2026-08-20 17:00:00-04:00
15,2026-08-20,2026-08-20 19:15:00-04:00,2026-08-20 19:30:00-04:00,2026-08-20 19:45:00-04:00,bullish,29328.75,29311.25,29320.0,29324.0,29296.25,29316.75,29328.75,2026-08-20 20:01:00-04:00,True,2026-08-21 17:00:00-04:00,2026-08-21 17:00:00-04:00
15,2026-08-20,2026-08-20 20:15:00-04:00,2026-08-20 20:30:00-04:00,2026-08-20 20:45:00-04:00,bullish,29361.75,29315.5,29338.625,29356.5,29311.5,29353.75,29361.75,2026-08-20 20:49:00-04:00,True,2026-08-21 17:00:00-04:00,2026-08-21 17:00:00-04:00
15,2026-08-20,2026-08-20 20:30:00-04:00,2026-08-20 20:45:00-04:00,2026-08-20 21:00:00-04:00,bearish,29356.5,29311.5,29334.0,29363.0,29318.25,29321.5,29311.5,2026-08-20 21:05:00-04:00,True,2026-08-21 17:00:00-04:00,2026-08-21 17:00:00-04:00
15,2026-08-20,2026-08-20 20:45:00-04:00,2026-08-20 21:00:00-04:00,2026-08-20 21:15:00-04:00,bullish,29363.0,29318.25,29340.625,29335.75,29291.75,29331.0,29363.0,2026-08-20 21:48:00-04:00,True,2026-08-21 17:00:00-04:00,2026-08-21 17:00:00-04:00
15,2026-08-20,2026-08-20 21:30:00-04:00,2026-08-20 21:45:00-04:00,2026-08-20 22:00:00-04:00,bearish,29357.0,29320.0,29338.5,29373.0,29333.0,29353.25,29320.0,2026-08-21 09:37:00-04:00,True,2026-08-21 17:00:00-04:00,2026-08-21 17:00:00-04:00
15,2026-08-20,2026-08-20 21:45:00-04:00,2026-08-20 22:00:00-04:00,2026-08-20 22:15:00-04:00,bearish,29373.0,29333.0,29353.0,29373.25,29342.75,29372.75,29333.0,2026-08-21 00:22:00-04:00,True,2026-08-21 17:00:00-04:00,2026-08-21 17:00:00-04:00
15,2026-08-20,2026-08-20 22:15:00-04:00,2026-08-20 22:30:00-04:00,2026-08-20 22:45:00-04:00,bearish,29395.0,29366.5,29380.75,29396.5,29376.0,29380.75,29366.5,2026-08-20 23:07:00-04:00,True,2026-08-21 17:00:00-04:00,2026-08-21 17:00:00-04:00
15,2026-08-20,2026-08-20 22:30:00-04:00,2026-08-20 22:45:00-04:00,2026-08-20 23:00:00-04:00,bearish,29396.5,29376.0,29386.25,29399.75,29377.25,29384.5,29376.0,2026-08-20 23:05:00-04:00,True,2026-08-21 17:00:00-04:00,2026-08-21 17:00:00-04:00
15,2026-08-20,2026-08-20 23:00:00-04:00,2026-08-20 23:15:00-04:00,2026-08-20 23:30:00-04:00,bullish,29388.0,29354.75,29371.375,29371.25,29349.25,29362.75,29388.0,2026-08-21 02:33:00-04:00,True,2026-08-21 17:00:00-04:00,2026-08-21 17:00:00-04:00
15,2026-08-20,2026-08-20 23:15:00-04:00,2026-08-20 23:30:00-04:00,2026-08-20 23:45:00-04:00,bearish,29371.25,29349.25,29360.25,29377.0,29354.0,29357.5,29349.25,2026-08-20 23:45:00-04:00,True,2026-08-21 17:00:00-04:00,2026-08-21 17:00:00-04:00
15,2026-08-20,2026-08-21 00:15:00-04:00,2026-08-21 00:30:00-04:00,2026-08-21 00:45:00-04:00,bullish,29373.5,29330.5,29352.0,29338.75,29321.25,29334.75,29373.5,2026-08-21 01:18:00-04:00,True,2026-08-21 17:00:00-04:00,2026-08-21 17:00:00-04:00
15,2026-08-20,2026-08-21 01:15:00-04:00,2026-08-21 01:30:00-04:00,2026-08-21 01:45:00-04:00,bullish,29381.0,29351.0,29366.0,29377.5,29348.75,29360.75,29381.0,2026-08-21 02:26:00-04:00,True,2026-08-21 17:00:00-04:00,2026-08-21 17:00:00-04:00
15,2026-08-20,2026-08-21 01:30:00-04:00,2026-08-21 01:45:00-04:00,2026-08-21 02:00:00-04:00,bullish,29377.5,29348.75,29363.125,29367.0,29340.0,29366.25,29377.5,2026-08-21 02:15:00-04:00,True,2026-08-21 17:00:00-04:00,2026-08-21 17:00:00-04:00
15,2026-08-20,2026-08-21 02:00:00-04:00,2026-08-21 02:15:00-04:00,2026-08-21 02:30:00-04:00,bearish,29376.25,29354.25,29365.25,29381.25,29366.0,29376.0,29354.25,2026-08-21 09:35:00-04:00,True,2026-08-21 17:00:00-04:00,2026-08-21 17:00:00-04:00
15,2026-08-20,2026-08-21 02:15:00-04:00,2026-08-21 02:30:00-04:00,2026-08-21 02:45:00-04:00,bearish,29381.25,29366.0,29373.625,29402.25,29369.0,29372.25,29366.0,2026-08-21 02:46:00-04:00,True,2026-08-21 17:00:00-04:00,2026-08-21 17:00:00-04:00
15,2026-08-20,2026-08-21 02:30:00-04:00,2026-08-21 02:45:00-04:00,2026-08-21 03:00:00-04:00,bullish,29402.25,29369.0,29385.625,29390.25,29364.75,29387.25,29402.25,2026-08-21 03:03:00-04:00,True,2026-08-21 17:00:00-04:00,2026-08-21 17:00:00-04:00
15,2026-08-20,2026-08-21 03:00:00-04:00,2026-08-21 03:15:00-04:00,2026-08-21 03:30:00-04:00,bearish,29428.5,29380.25,29404.375,29456.0,29415.0,29426.0,29380.25,2026-08-21 09:32:00-04:00,True,2026-08-21 17:00:00-04:00,2026-08-21 17:00:00-04:00
15,2026-08-20,2026-08-21 04:00:00-04:00,2026-08-21 04:15:00-04:00,2026-08-21 04:30:00-04:00,bullish,29462.75,29408.25,29435.5,29424.75,29390.5,29422.75,29462.75,2026-08-21 04:51:00-04:00,True,2026-08-21 17:00:00-04:00,2026-08-21 17:00:00-04:00
15,2026-08-20,2026-08-21 04:30:00-04:00,2026-08-21 04:45:00-04:00,2026-08-21 05:00:00-04:00,bearish,29456.5,29416.75,29436.625,29468.0,29447.0,29453.25,29416.75,2026-08-21 05:08:00-04:00,True,2026-08-21 17:00:00-04:00,2026-08-21 17:00:00-04:00
15,2026-08-20,2026-08-21 05:45:00-04:00,2026-08-21 06:00:00-04:00,2026-08-21 06:15:00-04:00,bearish,29492.0,29464.75,29478.375,29515.5,29476.5,29485.0,29464.75,2026-08-21 07:00:00-04:00,True,2026-08-21 17:00:00-04:00,2026-08-21 17:00:00-04:00
15,2026-08-20,2026-08-21 06:00:00-04:00,2026-08-21 06:15:00-04:00,2026-08-21 06:30:00-04:00,bullish,29515.5,29476.5,29496.0,29491.5,29470.0,29490.0,29515.5,2026-08-21 07:24:00-04:00,True,2026-08-21 17:00:00-04:00,2026-08-21 17:00:00-04:00
15,2026-08-20,2026-08-21 06:15:00-04:00,2026-08-21 06:30:00-04:00,2026-08-21 06:45:00-04:00,bearish,29491.5,29470.0,29480.75,29493.5,29472.0,29478.0,29470.0,2026-08-21 07:00:00-04:00,True,2026-08-21 17:00:00-04:00,2026-08-21 17:00:00-04:00
15,2026-08-20,2026-08-21 06:30:00-04:00,2026-08-21 06:45:00-04:00,2026-08-21 07:00:00-04:00,bullish,29493.5,29472.0,29482.75,29488.25,29470.25,29479.0,29493.5,2026-08-21 07:22:00-04:00,True,2026-08-21 17:00:00-04:00,2026-08-21 17:00:00-04:00
15,2026-08-20,2026-08-21 09:00:00-04:00,2026-08-21 09:15:00-04:00,2026-08-21 09:30:00-04:00,bullish,29516.25,29466.75,29491.5,29485.25,29417.25,29469.75,29516.25,,False,2026-08-21 17:00:00-04:00,2026-08-21 17:00:00-04:00
15,2026-08-20,2026-08-21 10:00:00-04:00,2026-08-21 10:15:00-04:00,2026-08-21 10:30:00-04:00,bullish,29335.75,29248.0,29291.875,29312.75,29220.25,29279.25,29335.75,2026-08-21 11:00:00-04:00,True,2026-08-21 17:00:00-04:00,2026-08-21 17:00:00-04:00
15,2026-08-20,2026-08-21 11:00:00-04:00,2026-08-21 11:15:00-04:00,2026-08-21 11:30:00-04:00,bearish,29368.75,29326.25,29347.5,29371.25,29330.75,29368.5,29326.25,,False,2026-08-21 17:00:00-04:00,2026-08-21 17:00:00-04:00
15,2026-08-20,2026-08-21 11:30:00-04:00,2026-08-21 11:45:00-04:00,2026-08-21 12:00:00-04:00,bearish,29471.75,29364.25,29418.0,29488.5,29425.5,29443.75,29364.25,2026-08-21 14:29:00-04:00,True,2026-08-21 17:00:00-04:00,2026-08-21 17:00:00-04:00
15,2026-08-20,2026-08-21 12:30:00-04:00,2026-08-21 12:45:00-04:00,2026-08-21 13:00:00-04:00,bullish,29425.75,29393.75,29409.75,29417.5,29380.5,29412.25,29425.75,2026-08-21 15:48:00-04:00,True,2026-08-21 17:00:00-04:00,2026-08-21 17:00:00-04:00
15,2026-08-20,2026-08-21 12:45:00-04:00,2026-08-21 13:00:00-04:00,2026-08-21 13:15:00-04:00,bearish,29417.5,29380.5,29399.0,29423.75,29398.25,29408.5,29380.5,2026-08-21 13:22:00-04:00,True,2026-08-21 17:00:00-04:00,2026-08-21 17:00:00-04:00
15,2026-08-20,2026-08-21 14:15:00-04:00,2026-08-21 14:30:00-04:00,2026-08-21 14:45:00-04:00,bullish,29392.0,29362.0,29377.0,29372.25,29353.75,29366.5,29392.0,2026-08-21 14:50:00-04:00,True,2026-08-21 17:00:00-04:00,2026-08-21 17:00:00-04:00
15,2026-08-20,2026-08-21 14:45:00-04:00,2026-08-21 15:00:00-04:00,2026-08-21 15:15:00-04:00,bearish,29403.5,29363.5,29383.5,29414.75,29384.25,29388.5,29363.5,,False,2026-08-21 17:00:00-04:00,2026-08-21 17:00:00-04:00
15,2026-08-20,2026-08-21 15:00:00-04:00,2026-08-21 15:15:00-04:00,2026-08-21 15:30:00-04:00,bullish,29414.75,29384.25,29399.5,29405.0,29380.0,29393.25,29414.75,2026-08-21 15:45:00-04:00,True,2026-08-21 17:00:00-04:00,2026-08-21 17:00:00-04:00
15,2026-08-20,2026-08-21 15:45:00-04:00,2026-08-21 16:00:00-04:00,2026-08-21 16:15:00-04:00,bullish,29433.25,29375.25,29404.25,29397.75,29371.5,29382.0,29433.25,,False,2026-08-21 17:00:00-04:00,2026-08-21 17:00:00-04:00
